--------------------------------------------------------
--  File created - Tuesday-June-07-2016   
--------------------------------------------------------
--------------------------------------------------------
--  DDL for Sequence ACTIVITY_LOGS_SEQ
--------------------------------------------------------

   CREATE SEQUENCE  "ESTOR"."ACTIVITY_LOGS_SEQ"  MINVALUE 1 MAXVALUE 9999999999999999999999999999 INCREMENT BY 1 START WITH 1 CACHE 20 NOORDER  NOCYCLE ;
--------------------------------------------------------
--  DDL for Sequence CATEGORIES_SEQ
--------------------------------------------------------

   CREATE SEQUENCE  "ESTOR"."CATEGORIES_SEQ"  MINVALUE 1 MAXVALUE 9999999999999999999999999999 INCREMENT BY 1 START WITH 21 CACHE 20 NOORDER  NOCYCLE ;
--------------------------------------------------------
--  DDL for Sequence CATEGORIES_SEQ1
--------------------------------------------------------

   CREATE SEQUENCE  "ESTOR"."CATEGORIES_SEQ1"  MINVALUE 1 MAXVALUE 9999999999999999999999999999 INCREMENT BY 1 START WITH 41 CACHE 20 NOORDER  NOCYCLE ;
--------------------------------------------------------
--  DDL for Sequence ESTOR_INVENTORIES_SEQ
--------------------------------------------------------

   CREATE SEQUENCE  "ESTOR"."ESTOR_INVENTORIES_SEQ"  MINVALUE 1 MAXVALUE 9999999999999999999999999999 INCREMENT BY 1 START WITH 81 CACHE 20 NOORDER  NOCYCLE ;
--------------------------------------------------------
--  DDL for Sequence ESTOR_INVENTORIES_SEQ1
--------------------------------------------------------

   CREATE SEQUENCE  "ESTOR"."ESTOR_INVENTORIES_SEQ1"  MINVALUE 1 MAXVALUE 9999999999999999999999999999 INCREMENT BY 1 START WITH 21 CACHE 20 NOORDER  NOCYCLE ;
--------------------------------------------------------
--  DDL for Sequence ESTOR_INVENTORIES_SEQ2
--------------------------------------------------------

   CREATE SEQUENCE  "ESTOR"."ESTOR_INVENTORIES_SEQ2"  MINVALUE 1 MAXVALUE 9999999999999999999999999999 INCREMENT BY 1 START WITH 41 CACHE 20 NOORDER  NOCYCLE ;
--------------------------------------------------------
--  DDL for Sequence ESTOR_ITEMS_SEQ
--------------------------------------------------------

   CREATE SEQUENCE  "ESTOR"."ESTOR_ITEMS_SEQ"  MINVALUE 1 MAXVALUE 9999999999999999999999999999 INCREMENT BY 1 START WITH 1 CACHE 20 NOORDER  NOCYCLE ;
--------------------------------------------------------
--  DDL for Sequence ESTOR_ITEMS_SEQ1
--------------------------------------------------------

   CREATE SEQUENCE  "ESTOR"."ESTOR_ITEMS_SEQ1"  MINVALUE 1 MAXVALUE 9999999999999999999999999999 INCREMENT BY 1 START WITH 201 CACHE 20 NOORDER  NOCYCLE ;
--------------------------------------------------------
--  DDL for Sequence ESTOR_ROLES_SEQ
--------------------------------------------------------

   CREATE SEQUENCE  "ESTOR"."ESTOR_ROLES_SEQ"  MINVALUE 1 MAXVALUE 9999999999999999999999999999 INCREMENT BY 1 START WITH 1 CACHE 20 NOORDER  NOCYCLE ;
--------------------------------------------------------
--  DDL for Sequence PACKAGE_SEQ
--------------------------------------------------------

   CREATE SEQUENCE  "ESTOR"."PACKAGE_SEQ"  MINVALUE 1 MAXVALUE 9999999999999999999999999999 INCREMENT BY 1 START WITH 1 CACHE 20 NOORDER  NOCYCLE ;
--------------------------------------------------------
--  DDL for Sequence PEOPLE_SEQ
--------------------------------------------------------

   CREATE SEQUENCE  "ESTOR"."PEOPLE_SEQ"  MINVALUE 1 MAXVALUE 9999999999999999999999999999 INCREMENT BY 1 START WITH 1 CACHE 20 NOORDER  NOCYCLE ;
--------------------------------------------------------
--  DDL for Sequence STOCKS_SEQ
--------------------------------------------------------

   CREATE SEQUENCE  "ESTOR"."STOCKS_SEQ"  MINVALUE 1 MAXVALUE 9999999999999999999999999999 INCREMENT BY 1 START WITH 141 CACHE 20 NOORDER  NOCYCLE ;
--------------------------------------------------------
--  DDL for Sequence STOCK_ITEMS_SEQ
--------------------------------------------------------

   CREATE SEQUENCE  "ESTOR"."STOCK_ITEMS_SEQ"  MINVALUE 1 MAXVALUE 9999999999999999999999999999 INCREMENT BY 1 START WITH 121 CACHE 20 NOORDER  NOCYCLE ;
--------------------------------------------------------
--  DDL for Sequence USAGE_LIST_SEQ
--------------------------------------------------------

   CREATE SEQUENCE  "ESTOR"."USAGE_LIST_SEQ"  MINVALUE 1 MAXVALUE 9999999999999999999999999999 INCREMENT BY 1 START WITH 21 CACHE 20 NOORDER  NOCYCLE ;
--------------------------------------------------------
--  DDL for Sequence USAGE_LIST_SEQ1
--------------------------------------------------------

   CREATE SEQUENCE  "ESTOR"."USAGE_LIST_SEQ1"  MINVALUE 1 MAXVALUE 9999999999999999999999999999 INCREMENT BY 1 START WITH 21 CACHE 20 NOORDER  NOCYCLE ;
--------------------------------------------------------
--  DDL for Table ACTIVITY_LOGS
--------------------------------------------------------

  CREATE TABLE "ESTOR"."ACTIVITY_LOGS" 
   (	"ID" NUMBER(11,0), 
	"PERSON_ID" NUMBER(11,0), 
	"ACTION" VARCHAR2(255 BYTE), 
	"MODEL" VARCHAR2(255 BYTE), 
	"MODEL_ID" NUMBER(11,0), 
	"TITLE" VARCHAR2(255 BYTE), 
	"DESCRIPTION" VARCHAR2(255 BYTE), 
	"CREATED" TIMESTAMP (0), 
	"DELETED" NUMBER(1,0) DEFAULT 0, 
	"DELETED_DATE" TIMESTAMP (0)
   ) SEGMENT CREATION DEFERRED 
  PCTFREE 10 PCTUSED 40 INITRANS 1 MAXTRANS 255 NOCOMPRESS LOGGING
  TABLESPACE "USERS" ;
--------------------------------------------------------
--  DDL for Table AUTH_ITEM
--------------------------------------------------------

  CREATE TABLE "ESTOR"."AUTH_ITEM" 
   (	"NAME" VARCHAR2(64 BYTE), 
	"TYPE" NUMBER, 
	"DESCRIPTION" VARCHAR2(64 BYTE), 
	"RULE_NAME" VARCHAR2(64 BYTE), 
	"DATA" VARCHAR2(64 BYTE), 
	"CREATED_AT" NUMBER, 
	"UPDATED_AT" NUMBER
   ) SEGMENT CREATION DEFERRED 
  PCTFREE 10 PCTUSED 40 INITRANS 1 MAXTRANS 255 NOCOMPRESS LOGGING
  TABLESPACE "USERS" ;
--------------------------------------------------------
--  DDL for Table AUTH_RULE
--------------------------------------------------------

  CREATE TABLE "ESTOR"."AUTH_RULE" 
   (	"NAME" VARCHAR2(64 BYTE), 
	"DATA" VARCHAR2(64 BYTE), 
	"CREATED_AT" NUMBER, 
	"UPDATED_AT" NUMBER
   ) SEGMENT CREATION DEFERRED 
  PCTFREE 10 PCTUSED 40 INITRANS 1 MAXTRANS 255 NOCOMPRESS LOGGING
  TABLESPACE "USERS" ;
--------------------------------------------------------
--  DDL for Table CATEGORIES
--------------------------------------------------------

  CREATE TABLE "ESTOR"."CATEGORIES" 
   (	"ID" NUMBER(11,0), 
	"NAME" VARCHAR2(255 BYTE), 
	"DELETED" NUMBER(1,0) DEFAULT 0, 
	"DELETED_DATE" TIMESTAMP (0), 
	"CREATED_DATE" TIMESTAMP (6), 
	"UPDATED_DATE" TIMESTAMP (6), 
	"CREATED_BY" VARCHAR2(255 BYTE), 
	"UPDATED_BY" VARCHAR2(255 BYTE)
   ) SEGMENT CREATION IMMEDIATE 
  PCTFREE 10 PCTUSED 40 INITRANS 1 MAXTRANS 255 NOCOMPRESS LOGGING
  STORAGE(INITIAL 65536 NEXT 1048576 MINEXTENTS 1 MAXEXTENTS 2147483645
  PCTINCREASE 0 FREELISTS 1 FREELIST GROUPS 1 BUFFER_POOL DEFAULT FLASH_CACHE DEFAULT CELL_FLASH_CACHE DEFAULT)
  TABLESPACE "USERS" ;
--------------------------------------------------------
--  DDL for Table ESTOR_INVENTORIES
--------------------------------------------------------

  CREATE TABLE "ESTOR"."ESTOR_INVENTORIES" 
   (	"ID" NUMBER(11,0), 
	"CARD_NO" VARCHAR2(255 BYTE), 
	"CODE_NO" VARCHAR2(255 BYTE), 
	"DESCRIPTION" VARCHAR2(255 BYTE), 
	"QUANTITY" NUMBER DEFAULT 0, 
	"CREATED_DATE" TIMESTAMP (0), 
	"CREATED_BY" VARCHAR2(255 BYTE), 
	"UPDATED_DATE" TIMESTAMP (0), 
	"UPDATED_BY" VARCHAR2(255 BYTE), 
	"PURCHASED_DATE" DATE, 
	"APPROVED_BY" VARCHAR2(255 BYTE), 
	"APPROVED_DATE" TIMESTAMP (0), 
	"APPROVED" NUMBER(1,0) DEFAULT 1, 
	"DELETED" NUMBER(1,0) DEFAULT 0, 
	"DELETED_DATE" TIMESTAMP (0), 
	"CATEGORY_ID" NUMBER(11,0), 
	"MIN_STOCK" NUMBER(11,0), 
	"LOCATION" VARCHAR2(255 BYTE), 
	 PRIMARY KEY ("ID") ENABLE
   ) ORGANIZATION INDEX NOCOMPRESS PCTFREE 10 INITRANS 2 MAXTRANS 255 LOGGING
  STORAGE(INITIAL 65536 NEXT 1048576 MINEXTENTS 1 MAXEXTENTS 2147483645
  PCTINCREASE 0 FREELISTS 1 FREELIST GROUPS 1 BUFFER_POOL DEFAULT FLASH_CACHE DEFAULT CELL_FLASH_CACHE DEFAULT)
  TABLESPACE "USERS" 
 PCTTHRESHOLD 50;
--------------------------------------------------------
--  DDL for Table ESTOR_ITEMS
--------------------------------------------------------

  CREATE TABLE "ESTOR"."ESTOR_ITEMS" 
   (	"ID" NUMBER(11,0), 
	"SKU" NUMBER, 
	"UNIT_PRICE" NUMBER, 
	"CHECKIN_DATE" DATE, 
	"CHECKOUT_DATE" DATE, 
	"CREATED_DATE" TIMESTAMP (6), 
	"UPDATED_DATE" TIMESTAMP (6), 
	"CREATED_BY" NUMBER(11,0), 
	"UPDATED_BY" NUMBER(11,0), 
	"INVENTORY_ID" NUMBER(11,0), 
	"DELETED" NUMBER(1,0) DEFAULT 0, 
	"DELETED_DATE" TIMESTAMP (6), 
	"CHECKOUT_ID" NUMBER(11,0)
   ) SEGMENT CREATION IMMEDIATE 
  PCTFREE 10 PCTUSED 40 INITRANS 1 MAXTRANS 255 NOCOMPRESS LOGGING
  STORAGE(INITIAL 65536 NEXT 1048576 MINEXTENTS 1 MAXEXTENTS 2147483645
  PCTINCREASE 0 FREELISTS 1 FREELIST GROUPS 1 BUFFER_POOL DEFAULT FLASH_CACHE DEFAULT CELL_FLASH_CACHE DEFAULT)
  TABLESPACE "USERS" ;
--------------------------------------------------------
--  DDL for Table ESTOR_ROLES
--------------------------------------------------------

  CREATE TABLE "ESTOR"."ESTOR_ROLES" 
   (	"ID" NUMBER(11,0), 
	"NAME" VARCHAR2(255 BYTE), 
	"DELETED" NUMBER(1,0) DEFAULT 0, 
	"DELETED_DATE" TIMESTAMP (0), 
	"CREATED_DATE" TIMESTAMP (6), 
	"UPDATED_DATE" TIMESTAMP (6), 
	"CREATED_BY" VARCHAR2(255 BYTE), 
	"UPDATED_BY" VARCHAR2(255 BYTE), 
	 PRIMARY KEY ("ID") ENABLE
   ) ORGANIZATION INDEX NOCOMPRESS PCTFREE 10 INITRANS 2 MAXTRANS 255 LOGGING
  STORAGE(INITIAL 65536 NEXT 1048576 MINEXTENTS 1 MAXEXTENTS 2147483645
  PCTINCREASE 0 FREELISTS 1 FREELIST GROUPS 1 BUFFER_POOL DEFAULT FLASH_CACHE DEFAULT CELL_FLASH_CACHE DEFAULT)
  TABLESPACE "USERS" 
 PCTTHRESHOLD 50;
--------------------------------------------------------
--  DDL for Table PACKAGE
--------------------------------------------------------

  CREATE TABLE "ESTOR"."PACKAGE" 
   (	"ID" NUMBER(11,0), 
	"DETAIL" VARCHAR2(255 BYTE), 
	"DELIVERY" VARCHAR2(255 BYTE), 
	"PACKAGE_BY" VARCHAR2(255 BYTE), 
	"PACKAGE_DATE" DATE, 
	"DELETED" NUMBER(1,0) DEFAULT 0, 
	"DELETED_DATE" TIMESTAMP (6), 
	"CREATED_DATE" TIMESTAMP (6), 
	"UPDATED_DATE" TIMESTAMP (6), 
	"CREATED_BY" NUMBER, 
	"UPDATED_BY" NUMBER
   ) SEGMENT CREATION DEFERRED 
  PCTFREE 10 PCTUSED 40 INITRANS 1 MAXTRANS 255 NOCOMPRESS LOGGING
  TABLESPACE "USERS" ;
--------------------------------------------------------
--  DDL for Table PEOPLE
--------------------------------------------------------

  CREATE TABLE "ESTOR"."PEOPLE" 
   (	"ID" NUMBER(11,0), 
	"USERNAME" VARCHAR2(255 BYTE), 
	"EMAIL" VARCHAR2(255 BYTE), 
	"PASSWORD" VARCHAR2(255 BYTE), 
	"ROLE_ID" NUMBER(11,0), 
	"DELETED" NUMBER(1,0) DEFAULT 0, 
	"DELETED_DATE" TIMESTAMP (0), 
	"CREATED_DATE" TIMESTAMP (6), 
	"UPDATED_DATE" TIMESTAMP (6), 
	"PASSWORD_RESET_TOKEN" VARCHAR2(255 BYTE), 
	"AUTH_KEY" VARCHAR2(255 BYTE)
   ) SEGMENT CREATION IMMEDIATE 
  PCTFREE 10 PCTUSED 40 INITRANS 1 MAXTRANS 255 NOCOMPRESS LOGGING
  STORAGE(INITIAL 65536 NEXT 1048576 MINEXTENTS 1 MAXEXTENTS 2147483645
  PCTINCREASE 0 FREELISTS 1 FREELIST GROUPS 1 BUFFER_POOL DEFAULT FLASH_CACHE DEFAULT CELL_FLASH_CACHE DEFAULT)
  TABLESPACE "USERS" ;
--------------------------------------------------------
--  DDL for Table STOCKS
--------------------------------------------------------

  CREATE TABLE "ESTOR"."STOCKS" 
   (	"ID" NUMBER(11,0), 
	"ORDER_DATE" DATE, 
	"ORDERED_BY" VARCHAR2(255 BYTE), 
	"TYPE" NUMBER, 
	"DELETED" NUMBER(1,0) DEFAULT 0, 
	"DELETED_DATE" TIMESTAMP (0), 
	"APPROVED_BY" VARCHAR2(255 BYTE), 
	"APPROVED_DATE" TIMESTAMP (0), 
	"APPROVED" NUMBER(1,0) DEFAULT 1, 
	"USAGE" VARCHAR2(20 CHAR), 
	"CREATED_DATE" TIMESTAMP (6), 
	"UPDATED_DATE" TIMESTAMP (6), 
	"CREATED_BY" VARCHAR2(255 BYTE), 
	"UPDATED_BY" VARCHAR2(255 BYTE), 
	"REQUIRED_DATE" DATE, 
	"CHECKOUT_DATE" DATE, 
	"CHECKOUT_BY" VARCHAR2(255 BYTE), 
	"ORDER_NO" VARCHAR2(20 BYTE), 
	"PACKAGE_ID" NUMBER(11,0)
   ) SEGMENT CREATION IMMEDIATE 
  PCTFREE 10 PCTUSED 40 INITRANS 1 MAXTRANS 255 NOCOMPRESS LOGGING
  STORAGE(INITIAL 65536 NEXT 1048576 MINEXTENTS 1 MAXEXTENTS 2147483645
  PCTINCREASE 0 FREELISTS 1 FREELIST GROUPS 1 BUFFER_POOL DEFAULT FLASH_CACHE DEFAULT CELL_FLASH_CACHE DEFAULT)
  TABLESPACE "USERS" ;
--------------------------------------------------------
--  DDL for Table STOCK_ITEMS
--------------------------------------------------------

  CREATE TABLE "ESTOR"."STOCK_ITEMS" 
   (	"ID" NUMBER(11,0), 
	"INVENTORY_ID" NUMBER(11,0), 
	"RQ_QUANTITY" NUMBER, 
	"APP_QUANTITY" NUMBER, 
	"CURRENT_BALANCE" NUMBER, 
	"UNIT_PRICE" NUMBER(12,2), 
	"STOCK_ID" NUMBER(11,0), 
	"SKU" VARCHAR2(255 BYTE), 
	"DESCRIPTION" VARCHAR2(255 BYTE), 
	"DELETED" NUMBER(1,0) DEFAULT 0, 
	"DELETED_DATE" TIMESTAMP (0), 
	"CREATED_DATE" TIMESTAMP (6), 
	"UPDATED_DATE" TIMESTAMP (6), 
	"CREATED_BY" VARCHAR2(255 BYTE), 
	"UPDATED_BY" VARCHAR2(255 BYTE), 
	"TOTAL_PRICE" NUMBER
   ) SEGMENT CREATION IMMEDIATE 
  PCTFREE 10 PCTUSED 40 INITRANS 1 MAXTRANS 255 NOCOMPRESS LOGGING
  STORAGE(INITIAL 65536 NEXT 1048576 MINEXTENTS 1 MAXEXTENTS 2147483645
  PCTINCREASE 0 FREELISTS 1 FREELIST GROUPS 1 BUFFER_POOL DEFAULT FLASH_CACHE DEFAULT CELL_FLASH_CACHE DEFAULT)
  TABLESPACE "USERS" ;
--------------------------------------------------------
--  DDL for Table USAGE_LIST
--------------------------------------------------------

  CREATE TABLE "ESTOR"."USAGE_LIST" 
   (	"ID" NUMBER(11,0), 
	"NAME" VARCHAR2(20 BYTE), 
	"DELETED" NUMBER(1,0), 
	"DELETED_DATE" TIMESTAMP (6), 
	"CREATED_DATE" TIMESTAMP (6), 
	"UPDATED_DATE" TIMESTAMP (6), 
	"CREATED_BY" VARCHAR2(20 BYTE), 
	"UPDATED_BY" VARCHAR2(20 BYTE)
   ) SEGMENT CREATION IMMEDIATE 
  PCTFREE 10 PCTUSED 40 INITRANS 1 MAXTRANS 255 NOCOMPRESS LOGGING
  STORAGE(INITIAL 65536 NEXT 1048576 MINEXTENTS 1 MAXEXTENTS 2147483645
  PCTINCREASE 0 FREELISTS 1 FREELIST GROUPS 1 BUFFER_POOL DEFAULT FLASH_CACHE DEFAULT CELL_FLASH_CACHE DEFAULT)
  TABLESPACE "USERS" ;
--------------------------------------------------------
--  DDL for Table VENDORS
--------------------------------------------------------

  CREATE TABLE "ESTOR"."VENDORS" 
   (	"ID" NUMBER(11,0), 
	"NAME" VARCHAR2(255 BYTE), 
	"DELETED" NUMBER(1,0) DEFAULT 0, 
	"DELETED_DATE" TIMESTAMP (0), 
	"ADDRESS" VARCHAR2(255 BYTE), 
	"CONTACT_NO" VARCHAR2(50 BYTE), 
	"CREATED_DATE" TIMESTAMP (6), 
	"UPDATED_DATE" TIMESTAMP (6), 
	"CREATED_BY" VARCHAR2(255 BYTE), 
	"UPDATED_BY" VARCHAR2(255 BYTE)
   ) SEGMENT CREATION IMMEDIATE 
  PCTFREE 10 PCTUSED 40 INITRANS 1 MAXTRANS 255 NOCOMPRESS LOGGING
  STORAGE(INITIAL 65536 NEXT 1048576 MINEXTENTS 1 MAXEXTENTS 2147483645
  PCTINCREASE 0 FREELISTS 1 FREELIST GROUPS 1 BUFFER_POOL DEFAULT FLASH_CACHE DEFAULT CELL_FLASH_CACHE DEFAULT)
  TABLESPACE "USERS" ;
--------------------------------------------------------
--  DDL for View LIST_YEAR
--------------------------------------------------------

  CREATE OR REPLACE FORCE VIEW "ESTOR"."LIST_YEAR" ("YEAR", "QUARTER") AS 
  select year,quarter from REPORT_IN_QUARTER union
select year,quarter from REPORT_OUT_QUARTER;
--------------------------------------------------------
--  DDL for View REPORT_ALL
--------------------------------------------------------

  CREATE OR REPLACE FORCE VIEW "ESTOR"."REPORT_ALL" ("YEAR", "QUARTER", "COUNT_IN", "PRICE_IN", "COUNT_OUT", "PRICE_OUT", "COUNT_CURRENT", "PRICE_CURRENT") AS 
  select
    list_year.YEAR,
    list_year.QUARTER,
    NVL(REPORT_IN_QUARTER.COUNT, '0') count_in,
    NVL(REPORT_IN_QUARTER.TOTAL_PRICE, '0') price_in,
    NVL(REPORT_out_QUARTER.COUNT, '0') count_out,
    NVL(REPORT_out_QUARTER.TOTAL_PRICE, '0') price_out,

      sum(NVL(REPORT_IN_QUARTER.COUNT, '0')) over (ORDER BY list_year.YEAR ROWS UNBOUNDED PRECEDING) - 
      sum(NVL(REPORT_OUT_QUARTER.COUNT, '0')) over (ORDER BY list_year.YEAR ROWS UNBOUNDED PRECEDING)
    count_current,
      sum(NVL(REPORT_in_QUARTER.TOTAL_PRICE, '0')) over (ORDER BY list_year.YEAR ROWS UNBOUNDED PRECEDING) - 
      sum(NVL(REPORT_out_QUARTER.TOTAL_PRICE, '0')) over (ORDER BY list_year.YEAR ROWS UNBOUNDED PRECEDING)
    price_current

from list_year
left join REPORT_IN_QUARTER 
on (REPORT_IN_QUARTER.YEAR = list_year.YEAR and list_year.QUARTER = REPORT_IN_QUARTER.QUARTER)
left join REPORT_OUT_QUARTER 
on (list_year.YEAR = REPORT_OUT_QUARTER.YEAR and list_year.QUARTER = REPORT_OUT_QUARTER.QUARTER)
order by list_year.YEAR, list_year.QUARTER;
--------------------------------------------------------
--  DDL for View REPORT_ALL2
--------------------------------------------------------

  CREATE OR REPLACE FORCE VIEW "ESTOR"."REPORT_ALL2" ("YEAR", "QUARTER", "COUNT_CURRENT", "PRICE_CURRENT", "COUNT_IN", "PRICE_IN", "COUNT_OUT", "PRICE_OUT") AS 
  select
    REPORT_IN_QUARTER.YEAR,
    REPORT_IN_QUARTER.QUARTER,
    NVL(REPORT_CURRENT.COUNT, '0') count_CURRENT,
    NVL(REPORT_CURRENT.TOTAL_PRICE, '0') price_CURRENT,
    NVL(REPORT_IN_QUARTER.COUNT, '0') count_in,
    NVL(REPORT_IN_QUARTER.TOTAL_PRICE, '0') price_in,
    NVL(REPORT_out_QUARTER.COUNT, '0') count_out,
    NVL(REPORT_out_QUARTER.TOTAL_PRICE, '0') price_out
from REPORT_IN_QUARTER 
left join REPORT_OUT_QUARTER 
on (REPORT_IN_QUARTER.YEAR = REPORT_OUT_QUARTER.YEAR and REPORT_IN_QUARTER.QUARTER = REPORT_OUT_QUARTER.QUARTER)
left join REPORT_CURRENT
on (REPORT_IN_QUARTER.YEAR = REPORT_CURRENT.YEAR and REPORT_IN_QUARTER.QUARTER = REPORT_CURRENT.QUARTER)
order by REPORT_IN_QUARTER.YEAR, REPORT_IN_QUARTER.QUARTER;
--------------------------------------------------------
--  DDL for View REPORT_CURRENT
--------------------------------------------------------

  CREATE OR REPLACE FORCE VIEW "ESTOR"."REPORT_CURRENT" ("YEAR", "QUARTER", "COUNT", "TOTAL_PRICE") AS 
  WITH DATA1 AS (select 
  ESTOR_ITEMS.SKU,
  ESTOR_ITEMS.UNIT_PRICE,
  ESTOR_ITEMS.INVENTORY_ID,
  CHECKIN_DATE, extract(year from CHECKIN_DATE) year,
  to_char(CHECKIN_DATE,'Q') quarter 
from ESTOR_ITEMS
WHERE CHECKIN_DATE IS NOT NULL and CHECKOUT_DATE IS NULL or CHECKOUT_DATE IS NULL or to_char(CHECKOUT_DATE,'q') < 4)

SELECT 
  DISTINCT YEAR,
  QUARTER,
  COUNT(*) OVER (PARTITION BY YEAR,QUARTER) COUNT,
  SUM(UNIT_PRICE) OVER (PARTITION BY YEAR,QUARTER) TOTAL_PRICE
FROM DATA1
ORDER BY YEAR,QUARTER;
--------------------------------------------------------
--  DDL for View REPORT_IN_QUARTER
--------------------------------------------------------

  CREATE OR REPLACE FORCE VIEW "ESTOR"."REPORT_IN_QUARTER" ("YEAR", "QUARTER", "COUNT", "TOTAL_PRICE") AS 
  WITH DATA1 AS (select 
  ESTOR_ITEMS.SKU,
  ESTOR_ITEMS.UNIT_PRICE,
  ESTOR_ITEMS.INVENTORY_ID,
  CHECKIN_DATE, extract(year from CHECKIN_DATE) year,
  to_char(CHECKIN_DATE,'Q') quarter 
from ESTOR_ITEMS
WHERE CHECKIN_DATE IS NOT NULL and deleted = 0)

SELECT 
  DISTINCT YEAR,
  QUARTER,
  COUNT(*) OVER (PARTITION BY YEAR,QUARTER) COUNT,
  SUM(UNIT_PRICE) OVER (PARTITION BY YEAR,QUARTER) TOTAL_PRICE
FROM DATA1
ORDER BY YEAR,QUARTER;
--------------------------------------------------------
--  DDL for View REPORT_OUT_QUARTER
--------------------------------------------------------

  CREATE OR REPLACE FORCE VIEW "ESTOR"."REPORT_OUT_QUARTER" ("YEAR", "QUARTER", "COUNT", "TOTAL_PRICE") AS 
  WITH DATA1 AS (select 
  ESTOR_ITEMS.SKU,
  ESTOR_ITEMS.UNIT_PRICE,
  ESTOR_ITEMS.INVENTORY_ID,
  CHECKOUT_DATE, extract(year from CHECKOUT_DATE) year,
  to_char(CHECKOUT_DATE,'Q') quarter 
from ESTOR_ITEMS
WHERE CHECKOUT_DATE IS NOT NULL and deleted = 0)

SELECT 
  DISTINCT YEAR,
  QUARTER,
  COUNT(*) OVER (PARTITION BY YEAR,QUARTER) COUNT,
  SUM(UNIT_PRICE) OVER (PARTITION BY YEAR,QUARTER) TOTAL_PRICE
FROM DATA1
ORDER BY YEAR,QUARTER;
--------------------------------------------------------
--  DDL for View REPORT_PREVIOUS_Q1
--------------------------------------------------------

  CREATE OR REPLACE FORCE VIEW "ESTOR"."REPORT_PREVIOUS_Q1" ("QUARTER", "QUANTITY", "TOTAL_PRICE") AS 
  SELECT 
  '1' QUARTER,
  COUNT ("ESTOR_ITEMS".ID) QUANTITY, 
  SUM ("ESTOR_ITEMS".UNIT_PRICE) TOTAL_PRICE 
FROM "ESTOR_ITEMS" 
WHERE "ESTOR_ITEMS".CHECKOUT_DATE IS NULL
AND ESTOR_ITEMS.DELETED = 0;
REM INSERTING into ESTOR.ACTIVITY_LOGS
SET DEFINE OFF;
REM INSERTING into ESTOR.AUTH_ITEM
SET DEFINE OFF;
REM INSERTING into ESTOR.AUTH_RULE
SET DEFINE OFF;
REM INSERTING into ESTOR.CATEGORIES
SET DEFINE OFF;
Insert into ESTOR.CATEGORIES (ID,NAME,DELETED,DELETED_DATE,CREATED_DATE,UPDATED_DATE,CREATED_BY,UPDATED_BY) values (22,'Accessories',1,null,to_timestamp('03-MAY-16 11.31.44.028000000 PM','DD-MON-RR HH.MI.SSXFF AM'),to_timestamp('11-MAY-16 10.02.06.287000000 PM','DD-MON-RR HH.MI.SSXFF AM'),'5','5');
Insert into ESTOR.CATEGORIES (ID,NAME,DELETED,DELETED_DATE,CREATED_DATE,UPDATED_DATE,CREATED_BY,UPDATED_BY) values (21,'Motor',0,null,to_timestamp('03-MAY-16 11.31.22.740000000 PM','DD-MON-RR HH.MI.SSXFF AM'),to_timestamp('03-MAY-16 11.31.22.740000000 PM','DD-MON-RR HH.MI.SSXFF AM'),'5','5');
Insert into ESTOR.CATEGORIES (ID,NAME,DELETED,DELETED_DATE,CREATED_DATE,UPDATED_DATE,CREATED_BY,UPDATED_BY) values (3,'CAT',0,null,to_timestamp('29-APR-16 05.35.24.563000000 PM','DD-MON-RR HH.MI.SSXFF AM'),to_timestamp('29-APR-16 05.35.24.563000000 PM','DD-MON-RR HH.MI.SSXFF AM'),'5','5');
REM INSERTING into ESTOR.ESTOR_INVENTORIES
SET DEFINE OFF;
Insert into ESTOR.ESTOR_INVENTORIES (ID,CARD_NO,CODE_NO,DESCRIPTION,QUANTITY,CREATED_DATE,CREATED_BY,UPDATED_DATE,UPDATED_BY,PURCHASED_DATE,APPROVED_BY,APPROVED_DATE,APPROVED,DELETED,DELETED_DATE,CATEGORY_ID,MIN_STOCK,LOCATION) values (7,'12','12','nama stok 5',0,to_timestamp('02-JUN-16 06.27.47.000000000 AM','DD-MON-RR HH.MI.SSXFF AM'),'5',to_timestamp('02-JUN-16 06.27.47.000000000 AM','DD-MON-RR HH.MI.SSXFF AM'),'5',null,null,null,1,0,null,21,null,'1');
Insert into ESTOR.ESTOR_INVENTORIES (ID,CARD_NO,CODE_NO,DESCRIPTION,QUANTITY,CREATED_DATE,CREATED_BY,UPDATED_DATE,UPDATED_BY,PURCHASED_DATE,APPROVED_BY,APPROVED_DATE,APPROVED,DELETED,DELETED_DATE,CATEGORY_ID,MIN_STOCK,LOCATION) values (8,'3131','1313','nama stok 4',2,to_timestamp('04-JUN-16 12.19.30.000000000 PM','DD-MON-RR HH.MI.SSXFF AM'),'5',to_timestamp('06-JUN-16 07.40.23.000000000 AM','DD-MON-RR HH.MI.SSXFF AM'),'5',null,null,null,2,0,null,3,1,'KL');
Insert into ESTOR.ESTOR_INVENTORIES (ID,CARD_NO,CODE_NO,DESCRIPTION,QUANTITY,CREATED_DATE,CREATED_BY,UPDATED_DATE,UPDATED_BY,PURCHASED_DATE,APPROVED_BY,APPROVED_DATE,APPROVED,DELETED,DELETED_DATE,CATEGORY_ID,MIN_STOCK,LOCATION) values (64,'12','1212','nama stok 1',14,to_timestamp('30-MAY-16 10.38.43.000000000 PM','DD-MON-RR HH.MI.SSXFF AM'),'5',to_timestamp('06-JUN-16 07.13.32.000000000 AM','DD-MON-RR HH.MI.SSXFF AM'),'5',null,null,null,2,0,null,22,1,'KL');
Insert into ESTOR.ESTOR_INVENTORIES (ID,CARD_NO,CODE_NO,DESCRIPTION,QUANTITY,CREATED_DATE,CREATED_BY,UPDATED_DATE,UPDATED_BY,PURCHASED_DATE,APPROVED_BY,APPROVED_DATE,APPROVED,DELETED,DELETED_DATE,CATEGORY_ID,MIN_STOCK,LOCATION) values (65,'111','1','nama stok 2',4,to_timestamp('31-MAY-16 12.42.06.000000000 AM','DD-MON-RR HH.MI.SSXFF AM'),'5',to_timestamp('04-JUN-16 05.29.17.000000000 AM','DD-MON-RR HH.MI.SSXFF AM'),'5',null,null,null,2,0,null,22,2,'KL');
REM INSERTING into ESTOR.ESTOR_ITEMS
SET DEFINE OFF;
Insert into ESTOR.ESTOR_ITEMS (ID,SKU,UNIT_PRICE,CHECKIN_DATE,CHECKOUT_DATE,CREATED_DATE,UPDATED_DATE,CREATED_BY,UPDATED_BY,INVENTORY_ID,DELETED,DELETED_DATE,CHECKOUT_ID) values (148,9,9,to_date('31-MAY-16','DD-MON-RR'),null,to_timestamp('31-MAY-16 06.50.31.137000000 AM','DD-MON-RR HH.MI.SSXFF AM'),to_timestamp('06-JUN-16 05.52.58.046000000 AM','DD-MON-RR HH.MI.SSXFF AM'),5,5,64,0,null,null);
Insert into ESTOR.ESTOR_ITEMS (ID,SKU,UNIT_PRICE,CHECKIN_DATE,CHECKOUT_DATE,CREATED_DATE,UPDATED_DATE,CREATED_BY,UPDATED_BY,INVENTORY_ID,DELETED,DELETED_DATE,CHECKOUT_ID) values (149,26,1,to_date('31-JAN-16','DD-MON-RR'),null,to_timestamp('31-MAY-16 06.54.36.195000000 AM','DD-MON-RR HH.MI.SSXFF AM'),to_timestamp('06-JUN-16 05.52.58.049000000 AM','DD-MON-RR HH.MI.SSXFF AM'),5,5,64,0,null,null);
Insert into ESTOR.ESTOR_ITEMS (ID,SKU,UNIT_PRICE,CHECKIN_DATE,CHECKOUT_DATE,CREATED_DATE,UPDATED_DATE,CREATED_BY,UPDATED_BY,INVENTORY_ID,DELETED,DELETED_DATE,CHECKOUT_ID) values (150,13,1,to_date('02-FEB-16','DD-MON-RR'),null,to_timestamp('31-MAY-16 06.54.36.199000000 AM','DD-MON-RR HH.MI.SSXFF AM'),to_timestamp('06-JUN-16 05.52.58.052000000 AM','DD-MON-RR HH.MI.SSXFF AM'),5,5,64,0,null,null);
Insert into ESTOR.ESTOR_ITEMS (ID,SKU,UNIT_PRICE,CHECKIN_DATE,CHECKOUT_DATE,CREATED_DATE,UPDATED_DATE,CREATED_BY,UPDATED_BY,INVENTORY_ID,DELETED,DELETED_DATE,CHECKOUT_ID) values (180,231231,3213,to_date('04-JUN-16','DD-MON-RR'),null,to_timestamp('04-JUN-16 05.29.04.362000000 AM','DD-MON-RR HH.MI.SSXFF AM'),to_timestamp('04-JUN-16 05.29.04.362000000 AM','DD-MON-RR HH.MI.SSXFF AM'),5,5,65,0,null,null);
Insert into ESTOR.ESTOR_ITEMS (ID,SKU,UNIT_PRICE,CHECKIN_DATE,CHECKOUT_DATE,CREATED_DATE,UPDATED_DATE,CREATED_BY,UPDATED_BY,INVENTORY_ID,DELETED,DELETED_DATE,CHECKOUT_ID) values (185,2,2,to_date('04-JUN-16','DD-MON-RR'),null,to_timestamp('04-JUN-16 09.14.31.648000000 AM','DD-MON-RR HH.MI.SSXFF AM'),to_timestamp('06-JUN-16 05.52.58.060000000 AM','DD-MON-RR HH.MI.SSXFF AM'),5,5,64,0,null,null);
Insert into ESTOR.ESTOR_ITEMS (ID,SKU,UNIT_PRICE,CHECKIN_DATE,CHECKOUT_DATE,CREATED_DATE,UPDATED_DATE,CREATED_BY,UPDATED_BY,INVENTORY_ID,DELETED,DELETED_DATE,CHECKOUT_ID) values (153,16,1,to_date('01-JUL-16','DD-MON-RR'),null,to_timestamp('31-MAY-16 06.54.36.207000000 AM','DD-MON-RR HH.MI.SSXFF AM'),to_timestamp('06-JUN-16 05.52.58.062000000 AM','DD-MON-RR HH.MI.SSXFF AM'),5,5,64,0,null,null);
Insert into ESTOR.ESTOR_ITEMS (ID,SKU,UNIT_PRICE,CHECKIN_DATE,CHECKOUT_DATE,CREATED_DATE,UPDATED_DATE,CREATED_BY,UPDATED_BY,INVENTORY_ID,DELETED,DELETED_DATE,CHECKOUT_ID) values (154,17,1,to_date('01-APR-16','DD-MON-RR'),null,to_timestamp('31-MAY-16 06.54.36.207000000 AM','DD-MON-RR HH.MI.SSXFF AM'),to_timestamp('06-JUN-16 05.52.58.064000000 AM','DD-MON-RR HH.MI.SSXFF AM'),5,5,64,0,null,null);
Insert into ESTOR.ESTOR_ITEMS (ID,SKU,UNIT_PRICE,CHECKIN_DATE,CHECKOUT_DATE,CREATED_DATE,UPDATED_DATE,CREATED_BY,UPDATED_BY,INVENTORY_ID,DELETED,DELETED_DATE,CHECKOUT_ID) values (155,18,1,to_date('31-AUG-16','DD-MON-RR'),null,to_timestamp('31-MAY-16 06.54.36.207000000 AM','DD-MON-RR HH.MI.SSXFF AM'),to_timestamp('06-JUN-16 05.52.58.066000000 AM','DD-MON-RR HH.MI.SSXFF AM'),5,5,64,0,null,null);
Insert into ESTOR.ESTOR_ITEMS (ID,SKU,UNIT_PRICE,CHECKIN_DATE,CHECKOUT_DATE,CREATED_DATE,UPDATED_DATE,CREATED_BY,UPDATED_BY,INVENTORY_ID,DELETED,DELETED_DATE,CHECKOUT_ID) values (156,19,1,to_date('01-OCT-16','DD-MON-RR'),null,to_timestamp('31-MAY-16 06.54.36.211000000 AM','DD-MON-RR HH.MI.SSXFF AM'),to_timestamp('06-JUN-16 05.52.58.067000000 AM','DD-MON-RR HH.MI.SSXFF AM'),5,5,64,0,null,null);
Insert into ESTOR.ESTOR_ITEMS (ID,SKU,UNIT_PRICE,CHECKIN_DATE,CHECKOUT_DATE,CREATED_DATE,UPDATED_DATE,CREATED_BY,UPDATED_BY,INVENTORY_ID,DELETED,DELETED_DATE,CHECKOUT_ID) values (157,20,1,to_date('01-SEP-16','DD-MON-RR'),null,to_timestamp('31-MAY-16 06.54.36.218000000 AM','DD-MON-RR HH.MI.SSXFF AM'),to_timestamp('06-JUN-16 05.52.58.069000000 AM','DD-MON-RR HH.MI.SSXFF AM'),5,5,64,0,null,null);
Insert into ESTOR.ESTOR_ITEMS (ID,SKU,UNIT_PRICE,CHECKIN_DATE,CHECKOUT_DATE,CREATED_DATE,UPDATED_DATE,CREATED_BY,UPDATED_BY,INVENTORY_ID,DELETED,DELETED_DATE,CHECKOUT_ID) values (158,21,1,to_date('01-DEC-16','DD-MON-RR'),null,to_timestamp('31-MAY-16 06.54.36.220000000 AM','DD-MON-RR HH.MI.SSXFF AM'),to_timestamp('06-JUN-16 05.52.58.070000000 AM','DD-MON-RR HH.MI.SSXFF AM'),5,5,64,0,null,null);
Insert into ESTOR.ESTOR_ITEMS (ID,SKU,UNIT_PRICE,CHECKIN_DATE,CHECKOUT_DATE,CREATED_DATE,UPDATED_DATE,CREATED_BY,UPDATED_BY,INVENTORY_ID,DELETED,DELETED_DATE,CHECKOUT_ID) values (159,22,1,to_date('01-NOV-16','DD-MON-RR'),null,to_timestamp('31-MAY-16 06.54.36.224000000 AM','DD-MON-RR HH.MI.SSXFF AM'),to_timestamp('06-JUN-16 05.52.58.072000000 AM','DD-MON-RR HH.MI.SSXFF AM'),5,5,64,0,null,null);
Insert into ESTOR.ESTOR_ITEMS (ID,SKU,UNIT_PRICE,CHECKIN_DATE,CHECKOUT_DATE,CREATED_DATE,UPDATED_DATE,CREATED_BY,UPDATED_BY,INVENTORY_ID,DELETED,DELETED_DATE,CHECKOUT_ID) values (160,23,2,to_date('31-JAN-15','DD-MON-RR'),null,to_timestamp('31-MAY-16 06.54.36.226000000 AM','DD-MON-RR HH.MI.SSXFF AM'),to_timestamp('06-JUN-16 06.07.19.790000000 AM','DD-MON-RR HH.MI.SSXFF AM'),5,5,64,0,null,null);
Insert into ESTOR.ESTOR_ITEMS (ID,SKU,UNIT_PRICE,CHECKIN_DATE,CHECKOUT_DATE,CREATED_DATE,UPDATED_DATE,CREATED_BY,UPDATED_BY,INVENTORY_ID,DELETED,DELETED_DATE,CHECKOUT_ID) values (161,24,2,to_date('31-MAY-15','DD-MON-RR'),null,to_timestamp('31-MAY-16 06.54.36.228000000 AM','DD-MON-RR HH.MI.SSXFF AM'),to_timestamp('06-JUN-16 05.52.58.077000000 AM','DD-MON-RR HH.MI.SSXFF AM'),5,5,64,0,null,null);
Insert into ESTOR.ESTOR_ITEMS (ID,SKU,UNIT_PRICE,CHECKIN_DATE,CHECKOUT_DATE,CREATED_DATE,UPDATED_DATE,CREATED_BY,UPDATED_BY,INVENTORY_ID,DELETED,DELETED_DATE,CHECKOUT_ID) values (182,3232,323,to_date('04-JUN-16','DD-MON-RR'),null,to_timestamp('04-JUN-16 05.29.04.371000000 AM','DD-MON-RR HH.MI.SSXFF AM'),to_timestamp('04-JUN-16 05.29.04.371000000 AM','DD-MON-RR HH.MI.SSXFF AM'),5,5,65,0,null,null);
Insert into ESTOR.ESTOR_ITEMS (ID,SKU,UNIT_PRICE,CHECKIN_DATE,CHECKOUT_DATE,CREATED_DATE,UPDATED_DATE,CREATED_BY,UPDATED_BY,INVENTORY_ID,DELETED,DELETED_DATE,CHECKOUT_ID) values (183,434,321,to_date('04-JUN-16','DD-MON-RR'),null,to_timestamp('04-JUN-16 05.29.04.373000000 AM','DD-MON-RR HH.MI.SSXFF AM'),to_timestamp('04-JUN-16 05.29.04.373000000 AM','DD-MON-RR HH.MI.SSXFF AM'),5,5,65,0,null,null);
Insert into ESTOR.ESTOR_ITEMS (ID,SKU,UNIT_PRICE,CHECKIN_DATE,CHECKOUT_DATE,CREATED_DATE,UPDATED_DATE,CREATED_BY,UPDATED_BY,INVENTORY_ID,DELETED,DELETED_DATE,CHECKOUT_ID) values (147,1212,1,to_date('30-DEC-15','DD-MON-RR'),null,to_timestamp('31-MAY-16 02.02.54.693000000 AM','DD-MON-RR HH.MI.SSXFF AM'),to_timestamp('04-JUN-16 04.29.24.707000000 AM','DD-MON-RR HH.MI.SSXFF AM'),5,5,65,0,to_timestamp('04-JUN-16 12.00.00.000000000 AM','DD-MON-RR HH.MI.SSXFF AM'),null);
Insert into ESTOR.ESTOR_ITEMS (ID,SKU,UNIT_PRICE,CHECKIN_DATE,CHECKOUT_DATE,CREATED_DATE,UPDATED_DATE,CREATED_BY,UPDATED_BY,INVENTORY_ID,DELETED,DELETED_DATE,CHECKOUT_ID) values (186,1212,2,to_date('04-JUN-16','DD-MON-RR'),null,to_timestamp('04-JUN-16 12.20.59.046000000 PM','DD-MON-RR HH.MI.SSXFF AM'),to_timestamp('04-JUN-16 12.20.59.046000000 PM','DD-MON-RR HH.MI.SSXFF AM'),5,5,8,0,null,null);
Insert into ESTOR.ESTOR_ITEMS (ID,SKU,UNIT_PRICE,CHECKIN_DATE,CHECKOUT_DATE,CREATED_DATE,UPDATED_DATE,CREATED_BY,UPDATED_BY,INVENTORY_ID,DELETED,DELETED_DATE,CHECKOUT_ID) values (187,2121,2,to_date('04-JUN-16','DD-MON-RR'),null,to_timestamp('04-JUN-16 12.20.59.050000000 PM','DD-MON-RR HH.MI.SSXFF AM'),to_timestamp('04-JUN-16 12.20.59.050000000 PM','DD-MON-RR HH.MI.SSXFF AM'),5,5,8,0,null,null);
Insert into ESTOR.ESTOR_ITEMS (ID,SKU,UNIT_PRICE,CHECKIN_DATE,CHECKOUT_DATE,CREATED_DATE,UPDATED_DATE,CREATED_BY,UPDATED_BY,INVENTORY_ID,DELETED,DELETED_DATE,CHECKOUT_ID) values (188,2323,2,to_date('04-JUN-16','DD-MON-RR'),to_date('06-JUN-16','DD-MON-RR'),to_timestamp('04-JUN-16 12.21.20.742000000 PM','DD-MON-RR HH.MI.SSXFF AM'),to_timestamp('06-JUN-16 07.40.22.603000000 AM','DD-MON-RR HH.MI.SSXFF AM'),5,5,8,0,null,105);
Insert into ESTOR.ESTOR_ITEMS (ID,SKU,UNIT_PRICE,CHECKIN_DATE,CHECKOUT_DATE,CREATED_DATE,UPDATED_DATE,CREATED_BY,UPDATED_BY,INVENTORY_ID,DELETED,DELETED_DATE,CHECKOUT_ID) values (189,3232,2,to_date('04-JUN-16','DD-MON-RR'),to_date('06-JUN-16','DD-MON-RR'),to_timestamp('04-JUN-16 12.21.20.744000000 PM','DD-MON-RR HH.MI.SSXFF AM'),to_timestamp('06-JUN-16 07.40.11.538000000 AM','DD-MON-RR HH.MI.SSXFF AM'),5,5,8,0,null,105);
Insert into ESTOR.ESTOR_ITEMS (ID,SKU,UNIT_PRICE,CHECKIN_DATE,CHECKOUT_DATE,CREATED_DATE,UPDATED_DATE,CREATED_BY,UPDATED_BY,INVENTORY_ID,DELETED,DELETED_DATE,CHECKOUT_ID) values (179,432,423,to_date('04-JUN-16','DD-MON-RR'),null,to_timestamp('04-JUN-16 05.00.03.988000000 AM','DD-MON-RR HH.MI.SSXFF AM'),to_timestamp('06-JUN-16 05.52.58.079000000 AM','DD-MON-RR HH.MI.SSXFF AM'),5,5,64,0,null,null);
Insert into ESTOR.ESTOR_ITEMS (ID,SKU,UNIT_PRICE,CHECKIN_DATE,CHECKOUT_DATE,CREATED_DATE,UPDATED_DATE,CREATED_BY,UPDATED_BY,INVENTORY_ID,DELETED,DELETED_DATE,CHECKOUT_ID) values (184,1,1,to_date('04-JUN-16','DD-MON-RR'),to_date('06-JUN-16','DD-MON-RR'),to_timestamp('04-JUN-16 09.11.03.348000000 AM','DD-MON-RR HH.MI.SSXFF AM'),to_timestamp('06-JUN-16 07.13.31.999000000 AM','DD-MON-RR HH.MI.SSXFF AM'),5,5,64,0,null,104);
Insert into ESTOR.ESTOR_ITEMS (ID,SKU,UNIT_PRICE,CHECKIN_DATE,CHECKOUT_DATE,CREATED_DATE,UPDATED_DATE,CREATED_BY,UPDATED_BY,INVENTORY_ID,DELETED,DELETED_DATE,CHECKOUT_ID) values (146,1313,13,to_date('30-MAR-16','DD-MON-RR'),to_date('06-JUN-16','DD-MON-RR'),to_timestamp('31-MAY-16 01.55.10.716000000 AM','DD-MON-RR HH.MI.SSXFF AM'),to_timestamp('06-JUN-16 07.10.24.841000000 AM','DD-MON-RR HH.MI.SSXFF AM'),5,5,64,0,to_timestamp('30-MAY-16 12.00.00.000000000 AM','DD-MON-RR HH.MI.SSXFF AM'),104);
REM INSERTING into ESTOR.ESTOR_ROLES
SET DEFINE OFF;
Insert into ESTOR.ESTOR_ROLES (ID,NAME,DELETED,DELETED_DATE,CREATED_DATE,UPDATED_DATE,CREATED_BY,UPDATED_BY) values (1,'Administrator',0,null,null,null,null,null);
Insert into ESTOR.ESTOR_ROLES (ID,NAME,DELETED,DELETED_DATE,CREATED_DATE,UPDATED_DATE,CREATED_BY,UPDATED_BY) values (2,'Pegawai Stor',0,null,null,null,null,null);
Insert into ESTOR.ESTOR_ROLES (ID,NAME,DELETED,DELETED_DATE,CREATED_DATE,UPDATED_DATE,CREATED_BY,UPDATED_BY) values (4,'User',0,null,null,to_timestamp('16-APR-16 01.13.19.684000000 PM','DD-MON-RR HH.MI.SSXFF AM'),null,'5');
Insert into ESTOR.ESTOR_ROLES (ID,NAME,DELETED,DELETED_DATE,CREATED_DATE,UPDATED_DATE,CREATED_BY,UPDATED_BY) values (5,'Manager',0,null,to_timestamp('12-APR-16 03.54.19.810000000 AM','DD-MON-RR HH.MI.SSXFF AM'),to_timestamp('12-APR-16 03.54.19.810000000 AM','DD-MON-RR HH.MI.SSXFF AM'),'2','2');
REM INSERTING into ESTOR.PACKAGE
SET DEFINE OFF;
REM INSERTING into ESTOR.PEOPLE
SET DEFINE OFF;
Insert into ESTOR.PEOPLE (ID,USERNAME,EMAIL,PASSWORD,ROLE_ID,DELETED,DELETED_DATE,CREATED_DATE,UPDATED_DATE,PASSWORD_RESET_TOKEN,AUTH_KEY) values (1,'Admin','admin@epuskeb.appgrid.my','$2y$13$WdzJ8.TIx4ClbL2ZtoeRGO4YNMSMyyABpNgRs3JlUzzEuzGOd1Gp6',1,0,null,null,to_timestamp('06-APR-16 04.09.05.434000000 AM','DD-MON-RR HH.MI.SSXFF AM'),null,null);
Insert into ESTOR.PEOPLE (ID,USERNAME,EMAIL,PASSWORD,ROLE_ID,DELETED,DELETED_DATE,CREATED_DATE,UPDATED_DATE,PASSWORD_RESET_TOKEN,AUTH_KEY) values (3,'Pegawai Stor','store.officer@epuskeb.appgrid.my','2ae4a9e42594b2b0cf331e590953bc47872a655e',2,0,null,null,null,null,null);
Insert into ESTOR.PEOPLE (ID,USERNAME,EMAIL,PASSWORD,ROLE_ID,DELETED,DELETED_DATE,CREATED_DATE,UPDATED_DATE,PASSWORD_RESET_TOKEN,AUTH_KEY) values (4,'Shabeila','shabeila@mpsp.gov.my','2ae4a9e42594b2b0cf331e590953bc47872a655e',2,0,null,null,null,null,null);
Insert into ESTOR.PEOPLE (ID,USERNAME,EMAIL,PASSWORD,ROLE_ID,DELETED,DELETED_DATE,CREATED_DATE,UPDATED_DATE,PASSWORD_RESET_TOKEN,AUTH_KEY) values (6,'admin3','admin3@gmail.com','$2y$13$IvErxApLM.Pdi1CUOUcvkeXEXJy6QE1XtYm0SvFCKuuux4ZPWcs3m',null,0,null,to_timestamp('31-MAR-16 05.34.10.836000000 PM','DD-MON-RR HH.MI.SSXFF AM'),to_timestamp('10-APR-16 07.43.44.622000000 PM','DD-MON-RR HH.MI.SSXFF AM'),null,null);
Insert into ESTOR.PEOPLE (ID,USERNAME,EMAIL,PASSWORD,ROLE_ID,DELETED,DELETED_DATE,CREATED_DATE,UPDATED_DATE,PASSWORD_RESET_TOKEN,AUTH_KEY) values (5,'admin2','admin2@gmail.com','$2y$13$xj3BSB30WhBfzzGOd0Vj3egPhczybZl333S.PCSuI1L9j4PAlClGW',1,0,null,null,to_timestamp('29-APR-16 05.31.41.720000000 PM','DD-MON-RR HH.MI.SSXFF AM'),null,'fZU4wd6K3fYBvVVC1zVC5KlydCAUirBh');
Insert into ESTOR.PEOPLE (ID,USERNAME,EMAIL,PASSWORD,ROLE_ID,DELETED,DELETED_DATE,CREATED_DATE,UPDATED_DATE,PASSWORD_RESET_TOKEN,AUTH_KEY) values (41,'user1','user1@gmail.com','$2y$13$fJv0ldd5EXCJoXWvoH9.eeJJiV9JF0GJeB7yyF0vhOcTn1Rytj2fO',4,0,null,to_timestamp('11-APR-16 08.02.46.545000000 AM','DD-MON-RR HH.MI.SSXFF AM'),to_timestamp('11-APR-16 08.02.46.545000000 AM','DD-MON-RR HH.MI.SSXFF AM'),null,'CIo92mKYPHd9pXdeOxU6R9EGxNnOqcGg');
Insert into ESTOR.PEOPLE (ID,USERNAME,EMAIL,PASSWORD,ROLE_ID,DELETED,DELETED_DATE,CREATED_DATE,UPDATED_DATE,PASSWORD_RESET_TOKEN,AUTH_KEY) values (42,'pegstor','pegstor@gmail.com','$2y$13$/Z6LtCnTuOM3X8BfA5wBKueCNNuLnUrZsdVJIdLYjbuz9ZGxG8qlW',4,0,null,to_timestamp('12-APR-16 03.50.52.219000000 AM','DD-MON-RR HH.MI.SSXFF AM'),to_timestamp('12-APR-16 03.50.52.219000000 AM','DD-MON-RR HH.MI.SSXFF AM'),null,'i1GWYXhfk6yuZUoMTlMeOuz0vz3ar2yd');
Insert into ESTOR.PEOPLE (ID,USERNAME,EMAIL,PASSWORD,ROLE_ID,DELETED,DELETED_DATE,CREATED_DATE,UPDATED_DATE,PASSWORD_RESET_TOKEN,AUTH_KEY) values (43,'manager','manager@gmail.com','$2y$13$AMwIhHBZ8q8YjS63EFE8P.2s88/blwlVbk7Mi4fQIW5izw43/XoUy',4,0,null,to_timestamp('12-APR-16 03.51.54.539000000 AM','DD-MON-RR HH.MI.SSXFF AM'),to_timestamp('12-APR-16 03.51.54.539000000 AM','DD-MON-RR HH.MI.SSXFF AM'),null,'DXWmpi_etnalBLRUdspJno0BVCcWXR4D');
Insert into ESTOR.PEOPLE (ID,USERNAME,EMAIL,PASSWORD,ROLE_ID,DELETED,DELETED_DATE,CREATED_DATE,UPDATED_DATE,PASSWORD_RESET_TOKEN,AUTH_KEY) values (2,'admin1','kidzenfxc@gmail.com','$2y$13$hPJ8J7GIPPLvfWuWNFl8W.tMDxVTKaBDB5RgZIZAgkKvpQYyncW.W',2,0,null,null,to_timestamp('12-APR-16 10.09.12.640000000 AM','DD-MON-RR HH.MI.SSXFF AM'),'XqebdU5z-IP9yi2Wmyj8OOUHcXlokapD_1460416550',null);
Insert into ESTOR.PEOPLE (ID,USERNAME,EMAIL,PASSWORD,ROLE_ID,DELETED,DELETED_DATE,CREATED_DATE,UPDATED_DATE,PASSWORD_RESET_TOKEN,AUTH_KEY) values (21,'ps','ps@gmail.com','$2y$13$M3YOxuTLgoy07DGczw1agOkFV6lfSOtqpkLhpQZPN/BDrUrqgbaNG',2,0,null,to_timestamp('06-APR-16 05.18.55.905000000 AM','DD-MON-RR HH.MI.SSXFF AM'),to_timestamp('06-APR-16 05.31.40.100000000 AM','DD-MON-RR HH.MI.SSXFF AM'),null,'u4FDSc6-TSbyy9SPNF2NY62kg7IUg67c');
REM INSERTING into ESTOR.STOCKS
SET DEFINE OFF;
Insert into ESTOR.STOCKS (ID,ORDER_DATE,ORDERED_BY,TYPE,DELETED,DELETED_DATE,APPROVED_BY,APPROVED_DATE,APPROVED,USAGE,CREATED_DATE,UPDATED_DATE,CREATED_BY,UPDATED_BY,REQUIRED_DATE,CHECKOUT_DATE,CHECKOUT_BY,ORDER_NO,PACKAGE_ID) values (123,to_date('07-JUN-16','DD-MON-RR'),'2',null,0,null,null,null,1,'SAA112',to_timestamp('04-JUN-16 12.22.32.771000000 PM','DD-MON-RR HH.MI.SSXFF AM'),to_timestamp('04-JUN-16 12.22.32.771000000 PM','DD-MON-RR HH.MI.SSXFF AM'),'5','5',to_date('08-JUN-16','DD-MON-RR'),null,null,'MPSP/2016/06-2',null);
Insert into ESTOR.STOCKS (ID,ORDER_DATE,ORDERED_BY,TYPE,DELETED,DELETED_DATE,APPROVED_BY,APPROVED_DATE,APPROVED,USAGE,CREATED_DATE,UPDATED_DATE,CREATED_BY,UPDATED_BY,REQUIRED_DATE,CHECKOUT_DATE,CHECKOUT_BY,ORDER_NO,PACKAGE_ID) values (121,to_date('14-JUN-16','DD-MON-RR'),'1',null,0,null,null,null,2,'DG1432',null,to_timestamp('06-JUN-16 07.24.37.319000000 AM','DD-MON-RR HH.MI.SSXFF AM'),null,'5',to_date('14-JUN-16','DD-MON-RR'),null,null,'MPSP/2016/06-0',null);
Insert into ESTOR.STOCKS (ID,ORDER_DATE,ORDERED_BY,TYPE,DELETED,DELETED_DATE,APPROVED_BY,APPROVED_DATE,APPROVED,USAGE,CREATED_DATE,UPDATED_DATE,CREATED_BY,UPDATED_BY,REQUIRED_DATE,CHECKOUT_DATE,CHECKOUT_BY,ORDER_NO,PACKAGE_ID) values (122,to_date('08-JUN-16','DD-MON-RR'),'112',null,0,null,null,null,8,'LB1205',null,to_timestamp('04-JUN-16 09.24.36.634000000 AM','DD-MON-RR HH.MI.SSXFF AM'),null,'5',to_date('21-JUN-16','DD-MON-RR'),null,null,'MPSP/2016/06-1',null);
REM INSERTING into ESTOR.STOCK_ITEMS
SET DEFINE OFF;
Insert into ESTOR.STOCK_ITEMS (ID,INVENTORY_ID,RQ_QUANTITY,APP_QUANTITY,CURRENT_BALANCE,UNIT_PRICE,STOCK_ID,SKU,DESCRIPTION,DELETED,DELETED_DATE,CREATED_DATE,UPDATED_DATE,CREATED_BY,UPDATED_BY,TOTAL_PRICE) values (104,64,5,2,null,null,122,null,null,0,to_timestamp('04-JUN-16 09.31.59.000000000 AM','DD-MON-RR HH.MI.SSXFF AM'),to_timestamp('04-JUN-16 09.20.09.978000000 AM','DD-MON-RR HH.MI.SSXFF AM'),to_timestamp('06-JUN-16 07.13.32.030000000 AM','DD-MON-RR HH.MI.SSXFF AM'),'5','5',461);
Insert into ESTOR.STOCK_ITEMS (ID,INVENTORY_ID,RQ_QUANTITY,APP_QUANTITY,CURRENT_BALANCE,UNIT_PRICE,STOCK_ID,SKU,DESCRIPTION,DELETED,DELETED_DATE,CREATED_DATE,UPDATED_DATE,CREATED_BY,UPDATED_BY,TOTAL_PRICE) values (105,8,2,2,4,null,123,null,null,0,null,to_timestamp('04-JUN-16 12.22.32.782000000 PM','DD-MON-RR HH.MI.SSXFF AM'),to_timestamp('06-JUN-16 07.40.22.618000000 AM','DD-MON-RR HH.MI.SSXFF AM'),'5','5',8);
Insert into ESTOR.STOCK_ITEMS (ID,INVENTORY_ID,RQ_QUANTITY,APP_QUANTITY,CURRENT_BALANCE,UNIT_PRICE,STOCK_ID,SKU,DESCRIPTION,DELETED,DELETED_DATE,CREATED_DATE,UPDATED_DATE,CREATED_BY,UPDATED_BY,TOTAL_PRICE) values (101,64,1,1,16,null,121,null,null,0,to_timestamp('04-JUN-16 09.33.08.000000000 AM','DD-MON-RR HH.MI.SSXFF AM'),to_timestamp('02-JUN-16 04.15.23.474000000 AM','DD-MON-RR HH.MI.SSXFF AM'),to_timestamp('04-JUN-16 09.33.17.076000000 AM','DD-MON-RR HH.MI.SSXFF AM'),'5','5',13);
Insert into ESTOR.STOCK_ITEMS (ID,INVENTORY_ID,RQ_QUANTITY,APP_QUANTITY,CURRENT_BALANCE,UNIT_PRICE,STOCK_ID,SKU,DESCRIPTION,DELETED,DELETED_DATE,CREATED_DATE,UPDATED_DATE,CREATED_BY,UPDATED_BY,TOTAL_PRICE) values (102,65,3,null,1,null,121,null,null,0,null,to_timestamp('02-JUN-16 04.15.23.486000000 AM','DD-MON-RR HH.MI.SSXFF AM'),to_timestamp('02-JUN-16 04.15.23.486000000 AM','DD-MON-RR HH.MI.SSXFF AM'),'5','5',null);
Insert into ESTOR.STOCK_ITEMS (ID,INVENTORY_ID,RQ_QUANTITY,APP_QUANTITY,CURRENT_BALANCE,UNIT_PRICE,STOCK_ID,SKU,DESCRIPTION,DELETED,DELETED_DATE,CREATED_DATE,UPDATED_DATE,CREATED_BY,UPDATED_BY,TOTAL_PRICE) values (103,64,1,null,13,null,122,null,null,0,null,to_timestamp('04-JUN-16 06.40.28.857000000 AM','DD-MON-RR HH.MI.SSXFF AM'),to_timestamp('04-JUN-16 09.20.09.969000000 AM','DD-MON-RR HH.MI.SSXFF AM'),'5','5',null);
REM INSERTING into ESTOR.USAGE_LIST
SET DEFINE OFF;
Insert into ESTOR.USAGE_LIST (ID,NAME,DELETED,DELETED_DATE,CREATED_DATE,UPDATED_DATE,CREATED_BY,UPDATED_BY) values (2,'LB1205',0,null,to_timestamp('11-MAY-16 10.03.32.997000000 PM','DD-MON-RR HH.MI.SSXFF AM'),to_timestamp('11-MAY-16 10.03.32.997000000 PM','DD-MON-RR HH.MI.SSXFF AM'),'5','5');
Insert into ESTOR.USAGE_LIST (ID,NAME,DELETED,DELETED_DATE,CREATED_DATE,UPDATED_DATE,CREATED_BY,UPDATED_BY) values (4,'DG1432',0,null,to_timestamp('11-MAY-16 10.06.45.850000000 PM','DD-MON-RR HH.MI.SSXFF AM'),to_timestamp('11-MAY-16 10.06.45.850000000 PM','DD-MON-RR HH.MI.SSXFF AM'),'5','5');
Insert into ESTOR.USAGE_LIST (ID,NAME,DELETED,DELETED_DATE,CREATED_DATE,UPDATED_DATE,CREATED_BY,UPDATED_BY) values (3,'SAA112',0,null,to_timestamp('11-MAY-16 10.04.24.345000000 PM','DD-MON-RR HH.MI.SSXFF AM'),to_timestamp('11-MAY-16 10.04.24.345000000 PM','DD-MON-RR HH.MI.SSXFF AM'),'5','5');
Insert into ESTOR.USAGE_LIST (ID,NAME,DELETED,DELETED_DATE,CREATED_DATE,UPDATED_DATE,CREATED_BY,UPDATED_BY) values (1,'CHAINSAW',1,to_timestamp('11-MAY-16 10.02.40.084000000 PM','DD-MON-RR HH.MI.SSXFF AM'),to_timestamp('11-MAY-16 10.02.31.193000000 PM','DD-MON-RR HH.MI.SSXFF AM'),to_timestamp('11-MAY-16 10.02.40.084000000 PM','DD-MON-RR HH.MI.SSXFF AM'),'5','5');
REM INSERTING into ESTOR.VENDORS
SET DEFINE OFF;
Insert into ESTOR.VENDORS (ID,NAME,DELETED,DELETED_DATE,ADDRESS,CONTACT_NO,CREATED_DATE,UPDATED_DATE,CREATED_BY,UPDATED_BY) values (1,'SYKT A SDN BHD',0,null,'Butterworth','1234567',to_timestamp('11-APR-16 06.55.27.953000000 AM','DD-MON-RR HH.MI.SSXFF AM'),to_timestamp('11-APR-16 06.55.27.953000000 AM','DD-MON-RR HH.MI.SSXFF AM'),'1','1');
Insert into ESTOR.VENDORS (ID,NAME,DELETED,DELETED_DATE,ADDRESS,CONTACT_NO,CREATED_DATE,UPDATED_DATE,CREATED_BY,UPDATED_BY) values (41,'hai',0,null,'asd','asd',to_timestamp('11-APR-16 06.55.27.953000000 AM','DD-MON-RR HH.MI.SSXFF AM'),to_timestamp('11-APR-16 06.55.39.030000000 AM','DD-MON-RR HH.MI.SSXFF AM'),'5','5');
--------------------------------------------------------
--  DDL for Index SYS_C0010455
--------------------------------------------------------

  CREATE UNIQUE INDEX "ESTOR"."SYS_C0010455" ON "ESTOR"."STOCKS" ("ID") 
  PCTFREE 10 INITRANS 2 MAXTRANS 255 COMPUTE STATISTICS 
  STORAGE(INITIAL 65536 NEXT 1048576 MINEXTENTS 1 MAXEXTENTS 2147483645
  PCTINCREASE 0 FREELISTS 1 FREELIST GROUPS 1 BUFFER_POOL DEFAULT FLASH_CACHE DEFAULT CELL_FLASH_CACHE DEFAULT)
  TABLESPACE "USERS" ;
--------------------------------------------------------
--  DDL for Index PEOPLE_PK
--------------------------------------------------------

  CREATE UNIQUE INDEX "ESTOR"."PEOPLE_PK" ON "ESTOR"."PEOPLE" ("ID") 
  PCTFREE 10 INITRANS 2 MAXTRANS 255 COMPUTE STATISTICS 
  STORAGE(INITIAL 65536 NEXT 1048576 MINEXTENTS 1 MAXEXTENTS 2147483645
  PCTINCREASE 0 FREELISTS 1 FREELIST GROUPS 1 BUFFER_POOL DEFAULT FLASH_CACHE DEFAULT CELL_FLASH_CACHE DEFAULT)
  TABLESPACE "USERS" ;
--------------------------------------------------------
--  DDL for Index ACTIVITY_LOGS_PK
--------------------------------------------------------

  CREATE UNIQUE INDEX "ESTOR"."ACTIVITY_LOGS_PK" ON "ESTOR"."ACTIVITY_LOGS" ("ID") 
  PCTFREE 10 INITRANS 2 MAXTRANS 255 COMPUTE STATISTICS NOCOMPRESS LOGGING
  TABLESPACE "USERS" ;
--------------------------------------------------------
--  DDL for Index SYS_C0010453
--------------------------------------------------------

  CREATE UNIQUE INDEX "ESTOR"."SYS_C0010453" ON "ESTOR"."VENDORS" ("ID") 
  PCTFREE 10 INITRANS 2 MAXTRANS 255 COMPUTE STATISTICS 
  STORAGE(INITIAL 65536 NEXT 1048576 MINEXTENTS 1 MAXEXTENTS 2147483645
  PCTINCREASE 0 FREELISTS 1 FREELIST GROUPS 1 BUFFER_POOL DEFAULT FLASH_CACHE DEFAULT CELL_FLASH_CACHE DEFAULT)
  TABLESPACE "USERS" ;
--------------------------------------------------------
--  DDL for Index USAGE_LIST_PK
--------------------------------------------------------

  CREATE UNIQUE INDEX "ESTOR"."USAGE_LIST_PK" ON "ESTOR"."USAGE_LIST" ("ID") 
  PCTFREE 10 INITRANS 2 MAXTRANS 255 COMPUTE STATISTICS 
  STORAGE(INITIAL 65536 NEXT 1048576 MINEXTENTS 1 MAXEXTENTS 2147483645
  PCTINCREASE 0 FREELISTS 1 FREELIST GROUPS 1 BUFFER_POOL DEFAULT FLASH_CACHE DEFAULT CELL_FLASH_CACHE DEFAULT)
  TABLESPACE "USERS" ;
--------------------------------------------------------
--  DDL for Index AUTH_ITEM_PK
--------------------------------------------------------

  CREATE UNIQUE INDEX "ESTOR"."AUTH_ITEM_PK" ON "ESTOR"."AUTH_ITEM" ("NAME") 
  PCTFREE 10 INITRANS 2 MAXTRANS 255 COMPUTE STATISTICS NOCOMPRESS LOGGING
  TABLESPACE "USERS" ;
--------------------------------------------------------
--  DDL for Index CATEGORIES_PK
--------------------------------------------------------

  CREATE UNIQUE INDEX "ESTOR"."CATEGORIES_PK" ON "ESTOR"."CATEGORIES" ("ID") 
  PCTFREE 10 INITRANS 2 MAXTRANS 255 COMPUTE STATISTICS 
  STORAGE(INITIAL 65536 NEXT 1048576 MINEXTENTS 1 MAXEXTENTS 2147483645
  PCTINCREASE 0 FREELISTS 1 FREELIST GROUPS 1 BUFFER_POOL DEFAULT FLASH_CACHE DEFAULT CELL_FLASH_CACHE DEFAULT)
  TABLESPACE "USERS" ;
--------------------------------------------------------
--  DDL for Index SYS_C0012441
--------------------------------------------------------

  CREATE UNIQUE INDEX "ESTOR"."SYS_C0012441" ON "ESTOR"."STOCK_ITEMS" ("ID") 
  PCTFREE 10 INITRANS 2 MAXTRANS 255 COMPUTE STATISTICS 
  STORAGE(INITIAL 65536 NEXT 1048576 MINEXTENTS 1 MAXEXTENTS 2147483645
  PCTINCREASE 0 FREELISTS 1 FREELIST GROUPS 1 BUFFER_POOL DEFAULT FLASH_CACHE DEFAULT CELL_FLASH_CACHE DEFAULT)
  TABLESPACE "USERS" ;
--------------------------------------------------------
--  DDL for Index ESTOR_ITEMS_PK
--------------------------------------------------------

  CREATE UNIQUE INDEX "ESTOR"."ESTOR_ITEMS_PK" ON "ESTOR"."ESTOR_ITEMS" ("ID") 
  PCTFREE 10 INITRANS 2 MAXTRANS 255 COMPUTE STATISTICS 
  STORAGE(INITIAL 65536 NEXT 1048576 MINEXTENTS 1 MAXEXTENTS 2147483645
  PCTINCREASE 0 FREELISTS 1 FREELIST GROUPS 1 BUFFER_POOL DEFAULT FLASH_CACHE DEFAULT CELL_FLASH_CACHE DEFAULT)
  TABLESPACE "USERS" ;
--------------------------------------------------------
--  DDL for Index PACKAGE_PK
--------------------------------------------------------

  CREATE UNIQUE INDEX "ESTOR"."PACKAGE_PK" ON "ESTOR"."PACKAGE" ("ID") 
  PCTFREE 10 INITRANS 2 MAXTRANS 255 COMPUTE STATISTICS NOCOMPRESS LOGGING
  TABLESPACE "USERS" ;
--------------------------------------------------------
--  DDL for Index AUTH_RULE_PK
--------------------------------------------------------

  CREATE UNIQUE INDEX "ESTOR"."AUTH_RULE_PK" ON "ESTOR"."AUTH_RULE" ("NAME") 
  PCTFREE 10 INITRANS 2 MAXTRANS 255 COMPUTE STATISTICS NOCOMPRESS LOGGING
  TABLESPACE "USERS" ;
--------------------------------------------------------
--  Constraints for Table USAGE_LIST
--------------------------------------------------------

  ALTER TABLE "ESTOR"."USAGE_LIST" MODIFY ("ID" NOT NULL ENABLE);
 
  ALTER TABLE "ESTOR"."USAGE_LIST" ADD CONSTRAINT "USAGE_LIST_PK" PRIMARY KEY ("ID")
  USING INDEX PCTFREE 10 INITRANS 2 MAXTRANS 255 COMPUTE STATISTICS 
  STORAGE(INITIAL 65536 NEXT 1048576 MINEXTENTS 1 MAXEXTENTS 2147483645
  PCTINCREASE 0 FREELISTS 1 FREELIST GROUPS 1 BUFFER_POOL DEFAULT FLASH_CACHE DEFAULT CELL_FLASH_CACHE DEFAULT)
  TABLESPACE "USERS"  ENABLE;
--------------------------------------------------------
--  Constraints for Table VENDORS
--------------------------------------------------------

  ALTER TABLE "ESTOR"."VENDORS" MODIFY ("ID" NOT NULL ENABLE);
 
  ALTER TABLE "ESTOR"."VENDORS" ADD CONSTRAINT "VENDORS_PK" PRIMARY KEY ("ID")
  USING INDEX PCTFREE 10 INITRANS 2 MAXTRANS 255 COMPUTE STATISTICS 
  STORAGE(INITIAL 65536 NEXT 1048576 MINEXTENTS 1 MAXEXTENTS 2147483645
  PCTINCREASE 0 FREELISTS 1 FREELIST GROUPS 1 BUFFER_POOL DEFAULT FLASH_CACHE DEFAULT CELL_FLASH_CACHE DEFAULT)
  TABLESPACE "USERS"  ENABLE;
--------------------------------------------------------
--  Constraints for Table ESTOR_ROLES
--------------------------------------------------------

  ALTER TABLE "ESTOR"."ESTOR_ROLES" ADD PRIMARY KEY ("ID")
  USING INDEX PCTFREE 10 INITRANS 2 MAXTRANS 255 COMPUTE STATISTICS 
  STORAGE(INITIAL 65536 NEXT 1048576 MINEXTENTS 1 MAXEXTENTS 2147483645
  PCTINCREASE 0 FREELISTS 1 FREELIST GROUPS 1 BUFFER_POOL DEFAULT FLASH_CACHE DEFAULT CELL_FLASH_CACHE DEFAULT)
  TABLESPACE "USERS"  ENABLE;
--------------------------------------------------------
--  Constraints for Table STOCKS
--------------------------------------------------------

  ALTER TABLE "ESTOR"."STOCKS" ADD CONSTRAINT "STOCKS_PK" PRIMARY KEY ("ID")
  USING INDEX PCTFREE 10 INITRANS 2 MAXTRANS 255 COMPUTE STATISTICS 
  STORAGE(INITIAL 65536 NEXT 1048576 MINEXTENTS 1 MAXEXTENTS 2147483645
  PCTINCREASE 0 FREELISTS 1 FREELIST GROUPS 1 BUFFER_POOL DEFAULT FLASH_CACHE DEFAULT CELL_FLASH_CACHE DEFAULT)
  TABLESPACE "USERS"  ENABLE;
 
  ALTER TABLE "ESTOR"."STOCKS" MODIFY ("ID" NOT NULL ENABLE);
--------------------------------------------------------
--  Constraints for Table ESTOR_ITEMS
--------------------------------------------------------

  ALTER TABLE "ESTOR"."ESTOR_ITEMS" ADD CONSTRAINT "ESTOR_ITEMS_PK" PRIMARY KEY ("ID")
  USING INDEX PCTFREE 10 INITRANS 2 MAXTRANS 255 COMPUTE STATISTICS 
  STORAGE(INITIAL 65536 NEXT 1048576 MINEXTENTS 1 MAXEXTENTS 2147483645
  PCTINCREASE 0 FREELISTS 1 FREELIST GROUPS 1 BUFFER_POOL DEFAULT FLASH_CACHE DEFAULT CELL_FLASH_CACHE DEFAULT)
  TABLESPACE "USERS"  ENABLE;
 
  ALTER TABLE "ESTOR"."ESTOR_ITEMS" MODIFY ("ID" NOT NULL ENABLE);
--------------------------------------------------------
--  Constraints for Table STOCK_ITEMS
--------------------------------------------------------

  ALTER TABLE "ESTOR"."STOCK_ITEMS" ADD CONSTRAINT "STOCK_ITEMS_PK" PRIMARY KEY ("ID")
  USING INDEX PCTFREE 10 INITRANS 2 MAXTRANS 255 COMPUTE STATISTICS 
  STORAGE(INITIAL 65536 NEXT 1048576 MINEXTENTS 1 MAXEXTENTS 2147483645
  PCTINCREASE 0 FREELISTS 1 FREELIST GROUPS 1 BUFFER_POOL DEFAULT FLASH_CACHE DEFAULT CELL_FLASH_CACHE DEFAULT)
  TABLESPACE "USERS"  ENABLE;
 
  ALTER TABLE "ESTOR"."STOCK_ITEMS" MODIFY ("ID" NOT NULL ENABLE);
--------------------------------------------------------
--  Constraints for Table PEOPLE
--------------------------------------------------------

  ALTER TABLE "ESTOR"."PEOPLE" ADD CONSTRAINT "PEOPLE_PK" PRIMARY KEY ("ID")
  USING INDEX PCTFREE 10 INITRANS 2 MAXTRANS 255 COMPUTE STATISTICS 
  STORAGE(INITIAL 65536 NEXT 1048576 MINEXTENTS 1 MAXEXTENTS 2147483645
  PCTINCREASE 0 FREELISTS 1 FREELIST GROUPS 1 BUFFER_POOL DEFAULT FLASH_CACHE DEFAULT CELL_FLASH_CACHE DEFAULT)
  TABLESPACE "USERS"  ENABLE;
 
  ALTER TABLE "ESTOR"."PEOPLE" MODIFY ("ID" NOT NULL ENABLE);
--------------------------------------------------------
--  Constraints for Table ESTOR_INVENTORIES
--------------------------------------------------------

  ALTER TABLE "ESTOR"."ESTOR_INVENTORIES" ADD PRIMARY KEY ("ID")
  USING INDEX PCTFREE 10 INITRANS 2 MAXTRANS 255 COMPUTE STATISTICS 
  STORAGE(INITIAL 65536 NEXT 1048576 MINEXTENTS 1 MAXEXTENTS 2147483645
  PCTINCREASE 0 FREELISTS 1 FREELIST GROUPS 1 BUFFER_POOL DEFAULT FLASH_CACHE DEFAULT CELL_FLASH_CACHE DEFAULT)
  TABLESPACE "USERS"  ENABLE;
--------------------------------------------------------
--  Constraints for Table CATEGORIES
--------------------------------------------------------

  ALTER TABLE "ESTOR"."CATEGORIES" ADD CONSTRAINT "CATEGORIES_PK" PRIMARY KEY ("ID")
  USING INDEX PCTFREE 10 INITRANS 2 MAXTRANS 255 COMPUTE STATISTICS 
  STORAGE(INITIAL 65536 NEXT 1048576 MINEXTENTS 1 MAXEXTENTS 2147483645
  PCTINCREASE 0 FREELISTS 1 FREELIST GROUPS 1 BUFFER_POOL DEFAULT FLASH_CACHE DEFAULT CELL_FLASH_CACHE DEFAULT)
  TABLESPACE "USERS"  ENABLE;
 
  ALTER TABLE "ESTOR"."CATEGORIES" MODIFY ("ID" NOT NULL ENABLE);
--------------------------------------------------------
--  Constraints for Table PACKAGE
--------------------------------------------------------

  ALTER TABLE "ESTOR"."PACKAGE" ADD CONSTRAINT "PACKAGE_PK" PRIMARY KEY ("ID")
  USING INDEX PCTFREE 10 INITRANS 2 MAXTRANS 255 COMPUTE STATISTICS NOCOMPRESS LOGGING
  TABLESPACE "USERS"  ENABLE;
 
  ALTER TABLE "ESTOR"."PACKAGE" MODIFY ("ID" NOT NULL ENABLE);
--------------------------------------------------------
--  Constraints for Table ACTIVITY_LOGS
--------------------------------------------------------

  ALTER TABLE "ESTOR"."ACTIVITY_LOGS" ADD CONSTRAINT "ACTIVITY_LOGS_PK" PRIMARY KEY ("ID")
  USING INDEX PCTFREE 10 INITRANS 2 MAXTRANS 255 COMPUTE STATISTICS NOCOMPRESS LOGGING
  TABLESPACE "USERS"  ENABLE;
 
  ALTER TABLE "ESTOR"."ACTIVITY_LOGS" MODIFY ("ID" NOT NULL ENABLE);
--------------------------------------------------------
--  Ref Constraints for Table ESTOR_INVENTORIES
--------------------------------------------------------

  ALTER TABLE "ESTOR"."ESTOR_INVENTORIES" ADD CONSTRAINT "ESTOR_INVENTORIES_FK1" FOREIGN KEY ("CATEGORY_ID")
	  REFERENCES "ESTOR"."CATEGORIES" ("ID") ENABLE;
--------------------------------------------------------
--  Ref Constraints for Table ESTOR_ITEMS
--------------------------------------------------------

  ALTER TABLE "ESTOR"."ESTOR_ITEMS" ADD CONSTRAINT "ESTOR_ITEMS_FK1" FOREIGN KEY ("INVENTORY_ID")
	  REFERENCES "ESTOR"."ESTOR_INVENTORIES" ("ID") ENABLE;
--------------------------------------------------------
--  Ref Constraints for Table PEOPLE
--------------------------------------------------------

  ALTER TABLE "ESTOR"."PEOPLE" ADD CONSTRAINT "PEOPLE_FK1" FOREIGN KEY ("ROLE_ID")
	  REFERENCES "ESTOR"."ESTOR_ROLES" ("ID") ENABLE;
--------------------------------------------------------
--  Ref Constraints for Table STOCK_ITEMS
--------------------------------------------------------

  ALTER TABLE "ESTOR"."STOCK_ITEMS" ADD CONSTRAINT "STOCK_ITEMS_FK1" FOREIGN KEY ("INVENTORY_ID")
	  REFERENCES "ESTOR"."ESTOR_INVENTORIES" ("ID") ENABLE;
 
  ALTER TABLE "ESTOR"."STOCK_ITEMS" ADD CONSTRAINT "STOCK_ITEMS_FK2" FOREIGN KEY ("STOCK_ID")
	  REFERENCES "ESTOR"."STOCKS" ("ID") ENABLE;
--------------------------------------------------------
--  DDL for Trigger ACTIVITY_LOGS_TRG
--------------------------------------------------------

  CREATE OR REPLACE TRIGGER "ESTOR"."ACTIVITY_LOGS_TRG" 
BEFORE INSERT ON ACTIVITY_LOGS 
FOR EACH ROW 
BEGIN
  <<COLUMN_SEQUENCES>>
  BEGIN
    IF INSERTING AND :NEW.ID IS NULL THEN
      SELECT ACTIVITY_LOGS_SEQ.NEXTVAL INTO :NEW.ID FROM SYS.DUAL;
    END IF;
  END COLUMN_SEQUENCES;
END;
/
ALTER TRIGGER "ESTOR"."ACTIVITY_LOGS_TRG" ENABLE;
--------------------------------------------------------
--  DDL for Trigger CATEGORIES_TRG
--------------------------------------------------------

  CREATE OR REPLACE TRIGGER "ESTOR"."CATEGORIES_TRG" 
BEFORE INSERT ON CATEGORIES 
FOR EACH ROW 
BEGIN
  <<COLUMN_SEQUENCES>>
  BEGIN
    IF INSERTING AND :NEW.ID IS NULL THEN
      SELECT CATEGORIES_SEQ1.NEXTVAL INTO :NEW.ID FROM SYS.DUAL;
    END IF;
  END COLUMN_SEQUENCES;
END;
/
ALTER TRIGGER "ESTOR"."CATEGORIES_TRG" ENABLE;
--------------------------------------------------------
--  DDL for Trigger ESTOR_INVENTORIES_TRG
--------------------------------------------------------

  CREATE OR REPLACE TRIGGER "ESTOR"."ESTOR_INVENTORIES_TRG" 
BEFORE INSERT ON ESTOR_INVENTORIES 
FOR EACH ROW 
BEGIN
  <<COLUMN_SEQUENCES>>
  BEGIN
    NULL;
  END COLUMN_SEQUENCES;
END;
/
ALTER TRIGGER "ESTOR"."ESTOR_INVENTORIES_TRG" ENABLE;
--------------------------------------------------------
--  DDL for Trigger ESTOR_INVENTORIES_TRG1
--------------------------------------------------------

  CREATE OR REPLACE TRIGGER "ESTOR"."ESTOR_INVENTORIES_TRG1" 
BEFORE INSERT ON ESTOR_INVENTORIES 
FOR EACH ROW 
BEGIN
  <<COLUMN_SEQUENCES>>
  BEGIN
    IF INSERTING AND :NEW.ID IS NULL THEN
      SELECT ESTOR_INVENTORIES_SEQ1.NEXTVAL INTO :NEW.ID FROM SYS.DUAL;
    END IF;
  END COLUMN_SEQUENCES;
END;
/
ALTER TRIGGER "ESTOR"."ESTOR_INVENTORIES_TRG1" ENABLE;
--------------------------------------------------------
--  DDL for Trigger ESTOR_ITEMS_TRG
--------------------------------------------------------

  CREATE OR REPLACE TRIGGER "ESTOR"."ESTOR_ITEMS_TRG" 
BEFORE INSERT ON ESTOR_ITEMS 
FOR EACH ROW 
BEGIN
  <<COLUMN_SEQUENCES>>
  BEGIN
    NULL;
  END COLUMN_SEQUENCES;
END;
/
ALTER TRIGGER "ESTOR"."ESTOR_ITEMS_TRG" ENABLE;
--------------------------------------------------------
--  DDL for Trigger ESTOR_ROLES_TRG
--------------------------------------------------------

  CREATE OR REPLACE TRIGGER "ESTOR"."ESTOR_ROLES_TRG" 
BEFORE INSERT ON ESTOR_ROLES 
FOR EACH ROW 
BEGIN
  <<COLUMN_SEQUENCES>>
  BEGIN
    IF INSERTING AND :NEW.ID IS NULL THEN
      SELECT ESTOR_ROLES_SEQ.NEXTVAL INTO :NEW.ID FROM SYS.DUAL;
    END IF;
  END COLUMN_SEQUENCES;
END;
/
ALTER TRIGGER "ESTOR"."ESTOR_ROLES_TRG" ENABLE;
--------------------------------------------------------
--  DDL for Trigger PACKAGE_TRG
--------------------------------------------------------

  CREATE OR REPLACE TRIGGER "ESTOR"."PACKAGE_TRG" 
BEFORE INSERT ON PACKAGE 
FOR EACH ROW 
BEGIN
  <<COLUMN_SEQUENCES>>
  BEGIN
    IF INSERTING AND :NEW.ID IS NULL THEN
      SELECT PACKAGE_SEQ.NEXTVAL INTO :NEW.ID FROM SYS.DUAL;
    END IF;
  END COLUMN_SEQUENCES;
END;
/
ALTER TRIGGER "ESTOR"."PACKAGE_TRG" ENABLE;
--------------------------------------------------------
--  DDL for Trigger PEOPLE_TRG
--------------------------------------------------------

  CREATE OR REPLACE TRIGGER "ESTOR"."PEOPLE_TRG" 
BEFORE INSERT ON PEOPLE 
FOR EACH ROW 
BEGIN
  <<COLUMN_SEQUENCES>>
  BEGIN
    IF INSERTING AND :NEW.ID IS NULL THEN
      SELECT PEOPLE_SEQ.NEXTVAL INTO :NEW.ID FROM SYS.DUAL;
    END IF;
  END COLUMN_SEQUENCES;
END;
/
ALTER TRIGGER "ESTOR"."PEOPLE_TRG" ENABLE;
--------------------------------------------------------
--  DDL for Trigger STOCKS_TRG
--------------------------------------------------------

  CREATE OR REPLACE TRIGGER "ESTOR"."STOCKS_TRG" 
BEFORE INSERT ON STOCKS 
FOR EACH ROW 
BEGIN
  <<COLUMN_SEQUENCES>>
  BEGIN
    IF INSERTING AND :NEW.ID IS NULL THEN
      SELECT STOCKS_SEQ.NEXTVAL INTO :NEW.ID FROM SYS.DUAL;
    END IF;
  END COLUMN_SEQUENCES;
END;
/
ALTER TRIGGER "ESTOR"."STOCKS_TRG" ENABLE;
--------------------------------------------------------
--  DDL for Trigger STOCK_ITEMS_TRG
--------------------------------------------------------

  CREATE OR REPLACE TRIGGER "ESTOR"."STOCK_ITEMS_TRG" 
BEFORE INSERT ON STOCK_ITEMS 
FOR EACH ROW 
BEGIN
  <<COLUMN_SEQUENCES>>
  BEGIN
    IF INSERTING AND :NEW.ID IS NULL THEN
      SELECT STOCK_ITEMS_SEQ.NEXTVAL INTO :NEW.ID FROM SYS.DUAL;
    END IF;
  END COLUMN_SEQUENCES;
END;
/
ALTER TRIGGER "ESTOR"."STOCK_ITEMS_TRG" ENABLE;
--------------------------------------------------------
--  DDL for Trigger USAGE_LIST_TRG
--------------------------------------------------------

  CREATE OR REPLACE TRIGGER "ESTOR"."USAGE_LIST_TRG" 
BEFORE INSERT ON USAGE_LIST 
FOR EACH ROW 
BEGIN
  <<COLUMN_SEQUENCES>>
  BEGIN
    IF INSERTING AND :NEW.ID IS NULL THEN
      SELECT USAGE_LIST_SEQ1.NEXTVAL INTO :NEW.ID FROM SYS.DUAL;
    END IF;
  END COLUMN_SEQUENCES;
END;
/
ALTER TRIGGER "ESTOR"."USAGE_LIST_TRG" ENABLE;
--------------------------------------------------------
--  DDL for Trigger VENDORS_TRG
--------------------------------------------------------

  CREATE OR REPLACE TRIGGER "ESTOR"."VENDORS_TRG" 
BEFORE INSERT ON VENDORS 
FOR EACH ROW 
BEGIN
  <<COLUMN_SEQUENCES>>
  BEGIN
    IF INSERTING AND :NEW.ID IS NULL THEN
      SELECT VENDORS_SEQ.NEXTVAL INTO :NEW.ID FROM SYS.DUAL;
    END IF;
  END COLUMN_SEQUENCES;
END;
/
ALTER TRIGGER "ESTOR"."VENDORS_TRG" ENABLE;