--------------------------------------------------------
--  File created - Tuesday-June-06-2017   
--------------------------------------------------------
DROP TABLE "USERPENDAKWAAN"."case_lot" cascade constraints;
DROP TABLE "USERPENDAKWAAN"."case_record" cascade constraints;
DROP TABLE "USERPENDAKWAAN"."case_status" cascade constraints;
DROP TABLE "USERPENDAKWAAN"."court_case" cascade constraints;
DROP TABLE "USERPENDAKWAAN"."department" cascade constraints;
DROP TABLE "USERPENDAKWAAN"."department_case" cascade constraints;
DROP TABLE "USERPENDAKWAAN"."district" cascade constraints;
DROP TABLE "USERPENDAKWAAN"."document_checklist" cascade constraints;
DROP TABLE "USERPENDAKWAAN"."migration" cascade constraints;
DROP TABLE "USERPENDAKWAAN"."note" cascade constraints;
DROP TABLE "USERPENDAKWAAN"."offence" cascade constraints;
DROP TABLE "USERPENDAKWAAN"."oks" cascade constraints;
DROP TABLE "USERPENDAKWAAN"."oks_case" cascade constraints;
DROP TABLE "USERPENDAKWAAN"."role" cascade constraints;
DROP TABLE "USERPENDAKWAAN"."subdistrict" cascade constraints;
DROP TABLE "USERPENDAKWAAN"."user" cascade constraints;
DROP VIEW "USERPENDAKWAAN"."monthly_report";
DROP VIEW "USERPENDAKWAAN"."profile";
DROP VIEW "USERPENDAKWAAN"."yearly_report";
--------------------------------------------------------
--  DDL for Table case_lot
--------------------------------------------------------

  CREATE TABLE "USERPENDAKWAAN"."case_lot" 
   (	"id" NUMBER(10,0) GENERATED BY DEFAULT ON NULL AS IDENTITY MINVALUE 1 MAXVALUE 9999999999999999999999999999 INCREMENT BY 1 START WITH 1 CACHE 20 NOORDER  NOCYCLE , 
	"district_id" NUMBER(10,0), 
	"subdistrict_id" NUMBER(10,0), 
	"address" VARCHAR2(255), 
	"remark" VARCHAR2(255), 
	"status" NUMBER(5,0) DEFAULT 1, 
	"deleted" NUMBER(5,0) DEFAULT 0, 
	"created_at" TIMESTAMP (6), 
	"created_by" NUMBER(10,0), 
	"updated_at" TIMESTAMP (6), 
	"updated_by" NUMBER(10,0)
   ) ;
--------------------------------------------------------
--  DDL for Table case_record
--------------------------------------------------------

  CREATE TABLE "USERPENDAKWAAN"."case_record" 
   (	"id" NUMBER(10,0) GENERATED BY DEFAULT ON NULL AS IDENTITY MINVALUE 1 MAXVALUE 9999999999999999999999999999 INCREMENT BY 1 START WITH 1 CACHE 20 NOORDER  NOCYCLE , 
	"case_id" NUMBER(10,0), 
	"case_status_id" NUMBER(10,0), 
	"date" TIMESTAMP (6), 
	"description" VARCHAR2(255), 
	"result" VARCHAR2(255), 
	"remark" VARCHAR2(255), 
	"status" NUMBER(5,0) DEFAULT 1, 
	"deleted" NUMBER(5,0) DEFAULT 0, 
	"created_at" TIMESTAMP (6), 
	"created_by" NUMBER(10,0), 
	"updated_at" TIMESTAMP (6), 
	"updated_by" NUMBER(10,0)
   ) ;
--------------------------------------------------------
--  DDL for Table case_status
--------------------------------------------------------

  CREATE TABLE "USERPENDAKWAAN"."case_status" 
   (	"id" NUMBER(10,0) GENERATED BY DEFAULT ON NULL AS IDENTITY MINVALUE 1 MAXVALUE 9999999999999999999999999999 INCREMENT BY 1 START WITH 1 CACHE 20 NOORDER  NOCYCLE , 
	"name" VARCHAR2(255), 
	"type" NUMBER(10,0), 
	"description" VARCHAR2(255), 
	"remark" VARCHAR2(255), 
	"status" NUMBER(5,0) DEFAULT 1, 
	"deleted" NUMBER(5,0) DEFAULT 0, 
	"created_at" TIMESTAMP (6), 
	"created_by" NUMBER(10,0), 
	"updated_at" TIMESTAMP (6), 
	"updated_by" NUMBER(10,0)
   ) ;
--------------------------------------------------------
--  DDL for Table court_case
--------------------------------------------------------

  CREATE TABLE "USERPENDAKWAAN"."court_case" 
   (	"id" NUMBER(10,0) GENERATED BY DEFAULT ON NULL AS IDENTITY MINVALUE 1 MAXVALUE 9999999999999999999999999999 INCREMENT BY 1 START WITH 1 CACHE 20 NOORDER  NOCYCLE , 
	"file_no" VARCHAR2(255), 
	"summon_no" VARCHAR2(255), 
	"remark" VARCHAR2(255), 
	"status" NUMBER(5,0) DEFAULT 1, 
	"deleted" NUMBER(5,0) DEFAULT 0, 
	"created_at" TIMESTAMP (6), 
	"created_by" NUMBER(10,0), 
	"updated_at" TIMESTAMP (6), 
	"updated_by" NUMBER(10,0)
   ) ;
--------------------------------------------------------
--  DDL for Table department
--------------------------------------------------------

  CREATE TABLE "USERPENDAKWAAN"."department" 
   (	"id" NUMBER(10,0) GENERATED BY DEFAULT ON NULL AS IDENTITY MINVALUE 1 MAXVALUE 9999999999999999999999999999 INCREMENT BY 1 START WITH 1 CACHE 20 NOORDER  NOCYCLE , 
	"name" VARCHAR2(255), 
	"description" VARCHAR2(255), 
	"remark" VARCHAR2(255), 
	"status" NUMBER(5,0) DEFAULT 1, 
	"deleted" NUMBER(5,0) DEFAULT 0, 
	"created_at" TIMESTAMP (6), 
	"created_by" NUMBER(10,0), 
	"updated_at" TIMESTAMP (6), 
	"updated_by" NUMBER(10,0)
   ) ;
--------------------------------------------------------
--  DDL for Table department_case
--------------------------------------------------------

  CREATE TABLE "USERPENDAKWAAN"."department_case" 
   (	"id" NUMBER(10,0) GENERATED BY DEFAULT ON NULL AS IDENTITY MINVALUE 1 MAXVALUE 9999999999999999999999999999 INCREMENT BY 1 START WITH 1 CACHE 20 NOORDER  NOCYCLE , 
	"department_id" NUMBER(10,0), 
	"file_no" VARCHAR2(255), 
	"compound_no" VARCHAR2(255), 
	"district_id" NUMBER(10,0), 
	"subdistrict_id" NUMBER(10,0), 
	"address" VARCHAR2(255), 
	"offence_id" NUMBER(10,0), 
	"commited_date" TIMESTAMP (6), 
	"remark" VARCHAR2(255), 
	"status" NUMBER(5,0) DEFAULT 1, 
	"deleted" NUMBER(5,0) DEFAULT 0, 
	"created_at" TIMESTAMP (6), 
	"created_by" NUMBER(10,0), 
	"updated_at" TIMESTAMP (6), 
	"updated_by" NUMBER(10,0)
   ) ;
--------------------------------------------------------
--  DDL for Table district
--------------------------------------------------------

  CREATE TABLE "USERPENDAKWAAN"."district" 
   (	"id" NUMBER(10,0) GENERATED BY DEFAULT ON NULL AS IDENTITY MINVALUE 1 MAXVALUE 9999999999999999999999999999 INCREMENT BY 1 START WITH 1 CACHE 20 NOORDER  NOCYCLE , 
	"name" VARCHAR2(255), 
	"shortcode" VARCHAR2(255), 
	"description" VARCHAR2(255), 
	"remark" VARCHAR2(255), 
	"status" NUMBER(5,0) DEFAULT 1, 
	"deleted" NUMBER(5,0) DEFAULT 0, 
	"created_at" TIMESTAMP (6), 
	"created_by" NUMBER(10,0), 
	"updated_at" TIMESTAMP (6), 
	"updated_by" NUMBER(10,0)
   ) ;
--------------------------------------------------------
--  DDL for Table document_checklist
--------------------------------------------------------

  CREATE TABLE "USERPENDAKWAAN"."document_checklist" 
   (	"id" NUMBER(10,0) GENERATED BY DEFAULT ON NULL AS IDENTITY MINVALUE 1 MAXVALUE 9999999999999999999999999999 INCREMENT BY 1 START WITH 1 CACHE 20 NOORDER  NOCYCLE , 
	"case_id" NUMBER(10,0), 
	"name" VARCHAR2(255), 
	"file" VARCHAR2(255), 
	"description" VARCHAR2(255), 
	"completed" NUMBER(5,0) DEFAULT 0, 
	"remark" VARCHAR2(255), 
	"status" NUMBER(5,0) DEFAULT 1, 
	"deleted" NUMBER(5,0) DEFAULT 0, 
	"created_at" TIMESTAMP (6), 
	"created_by" NUMBER(10,0), 
	"updated_at" TIMESTAMP (6), 
	"updated_by" NUMBER(10,0)
   ) ;
--------------------------------------------------------
--  DDL for Table migration
--------------------------------------------------------

  CREATE TABLE "USERPENDAKWAAN"."migration" 
   (	"version" VARCHAR2(180), 
	"apply_time" NUMBER(10,0)
   ) ;
--------------------------------------------------------
--  DDL for Table note
--------------------------------------------------------

  CREATE TABLE "USERPENDAKWAAN"."note" 
   (	"id" NUMBER(10,0) GENERATED BY DEFAULT ON NULL AS IDENTITY MINVALUE 1 MAXVALUE 9999999999999999999999999999 INCREMENT BY 1 START WITH 1 CACHE 20 NOORDER  NOCYCLE , 
	"case_id" NUMBER(10,0), 
	"notes" VARCHAR2(255), 
	"remark" VARCHAR2(255), 
	"status" NUMBER(5,0) DEFAULT 1, 
	"deleted" NUMBER(5,0) DEFAULT 0, 
	"created_at" TIMESTAMP (6), 
	"created_by" NUMBER(10,0), 
	"updated_at" TIMESTAMP (6), 
	"updated_by" NUMBER(10,0)
   ) ;
--------------------------------------------------------
--  DDL for Table offence
--------------------------------------------------------

  CREATE TABLE "USERPENDAKWAAN"."offence" 
   (	"id" NUMBER(10,0) GENERATED BY DEFAULT ON NULL AS IDENTITY MINVALUE 1 MAXVALUE 9999999999999999999999999999 INCREMENT BY 1 START WITH 1 CACHE 20 NOORDER  NOCYCLE , 
	"act" VARCHAR2(255), 
	"section" VARCHAR2(255), 
	"name" VARCHAR2(255), 
	"description" VARCHAR2(255), 
	"remark" VARCHAR2(255), 
	"status" NUMBER(5,0) DEFAULT 1, 
	"deleted" NUMBER(5,0) DEFAULT 0, 
	"created_at" TIMESTAMP (6), 
	"created_by" NUMBER(10,0), 
	"updated_at" TIMESTAMP (6), 
	"updated_by" NUMBER(10,0)
   ) ;
--------------------------------------------------------
--  DDL for Table oks
--------------------------------------------------------

  CREATE TABLE "USERPENDAKWAAN"."oks" 
   (	"id" NUMBER(10,0) GENERATED BY DEFAULT ON NULL AS IDENTITY MINVALUE 1 MAXVALUE 9999999999999999999999999999 INCREMENT BY 1 START WITH 1 CACHE 20 NOORDER  NOCYCLE , 
	"name" VARCHAR2(255), 
	"ic" VARCHAR2(255), 
	"address" VARCHAR2(255), 
	"phone_no" VARCHAR2(255), 
	"email" VARCHAR2(255), 
	"remark" VARCHAR2(255), 
	"status" NUMBER(5,0) DEFAULT 1, 
	"deleted" NUMBER(5,0) DEFAULT 0, 
	"created_at" TIMESTAMP (6), 
	"created_by" NUMBER(10,0), 
	"updated_at" TIMESTAMP (6), 
	"updated_by" NUMBER(10,0)
   ) ;
--------------------------------------------------------
--  DDL for Table oks_case
--------------------------------------------------------

  CREATE TABLE "USERPENDAKWAAN"."oks_case" 
   (	"id" NUMBER(10,0) GENERATED BY DEFAULT ON NULL AS IDENTITY MINVALUE 1 MAXVALUE 9999999999999999999999999999 INCREMENT BY 1 START WITH 1 CACHE 20 NOORDER  NOCYCLE , 
	"case_id" NUMBER(10,0), 
	"oks_id" NUMBER(10,0), 
	"remark" VARCHAR2(255), 
	"status" NUMBER(5,0) DEFAULT 1, 
	"deleted" NUMBER(5,0) DEFAULT 0, 
	"created_at" TIMESTAMP (6), 
	"created_by" NUMBER(10,0), 
	"updated_at" TIMESTAMP (6), 
	"updated_by" NUMBER(10,0)
   ) ;
--------------------------------------------------------
--  DDL for Table role
--------------------------------------------------------

  CREATE TABLE "USERPENDAKWAAN"."role" 
   (	"id" NUMBER(10,0) GENERATED BY DEFAULT ON NULL AS IDENTITY MINVALUE 1 MAXVALUE 9999999999999999999999999999 INCREMENT BY 1 START WITH 1 CACHE 20 NOORDER  NOCYCLE , 
	"name" VARCHAR2(255), 
	"description" VARCHAR2(255), 
	"remark" VARCHAR2(255), 
	"status" NUMBER(5,0) DEFAULT 1, 
	"deleted" NUMBER(5,0) DEFAULT 0, 
	"created_at" TIMESTAMP (6), 
	"created_by" NUMBER(10,0), 
	"updated_at" TIMESTAMP (6), 
	"updated_by" NUMBER(10,0)
   ) ;
--------------------------------------------------------
--  DDL for Table subdistrict
--------------------------------------------------------

  CREATE TABLE "USERPENDAKWAAN"."subdistrict" 
   (	"id" NUMBER(10,0) GENERATED BY DEFAULT ON NULL AS IDENTITY MINVALUE 1 MAXVALUE 9999999999999999999999999999 INCREMENT BY 1 START WITH 1 CACHE 20 NOORDER  NOCYCLE , 
	"district_id" NUMBER(10,0), 
	"name" VARCHAR2(255), 
	"remark" VARCHAR2(255), 
	"status" NUMBER(5,0) DEFAULT 1, 
	"deleted" NUMBER(5,0) DEFAULT 0, 
	"created_at" TIMESTAMP (6), 
	"created_by" NUMBER(10,0), 
	"updated_at" TIMESTAMP (6), 
	"updated_by" NUMBER(10,0)
   ) ;
--------------------------------------------------------
--  DDL for Table user
--------------------------------------------------------

  CREATE TABLE "USERPENDAKWAAN"."user" 
   (	"id" NUMBER(10,0) GENERATED BY DEFAULT ON NULL AS IDENTITY MINVALUE 1 MAXVALUE 9999999999999999999999999999 INCREMENT BY 1 START WITH 1 CACHE 20 NOORDER  NOCYCLE , 
	"username" VARCHAR2(255), 
	"staff_no" VARCHAR2(255), 
	"auth_key" VARCHAR2(32), 
	"profile_pic" VARCHAR2(255), 
	"role_id" NUMBER(10,0), 
	"password_hash" VARCHAR2(255), 
	"password_reset_token" VARCHAR2(255), 
	"email" VARCHAR2(255), 
	"remark" VARCHAR2(255), 
	"status" NUMBER(5,0) DEFAULT 1, 
	"deleted" NUMBER(5,0) DEFAULT 0, 
	"created_at" TIMESTAMP (6), 
	"created_by" NUMBER(10,0), 
	"updated_at" TIMESTAMP (6), 
	"updated_by" NUMBER(10,0)
   ) ;
--------------------------------------------------------
--  DDL for View monthly_report
--------------------------------------------------------

  CREATE OR REPLACE FORCE EDITIONABLE VIEW "USERPENDAKWAAN"."monthly_report" ("id", "dept", "district", "year", "date", "trial_type", "is_done", "jenis_kes", "kes_mahkamah", "semua_kes", "kes_diserah", "kes_x_diserah", "jumlah_jenis_kes", "jumlah_kes_mahkamah", "jumlah_semua_kes", "jumlah_kes_diserah", "jumlah_kes_x_diserah", "kes_dibawa_kedepan", "jumlah_kes_dibawa_kedepan") AS 
  with data1 as (
			-- core data
			select
			  d."name" "dept"
			  ,ds."name" "district"
			  ,coalesce(extract(year from cr."date"),extract(year from dc."created_at")) as "year"
			  ,coalesce(extract(month from cr."date"),extract(month from dc."created_at")) as "month"
			  ,(case when cs."name" is null then
			  (case when to_char(to_date(trunc(dc."created_at"),'DD-Mon-YY'),'Dy') =  'Mon' then trunc(dc."created_at") else NEXT_DAY(trunc(dc."created_at"),'Monday') end)
			  else
			  (case when to_char(to_date(trunc(cr."date"),'DD-Mon-YY'),'Dy') =  'Mon' then trunc(cr."date") else NEXT_DAY(trunc(cr."date"),'Monday') end)
			  end) "date"
			--  ,trunc(cr."date") "trial_date"
			--  ,trunc(cc."trial_date") "date"
			--  ,trunc(dc."commited_date") "date2"
			  ,cs."name" "trial_type"
			  ,dc."file_no" "file_dept"
			--  ,cc."department_file_id"
			  ,cc."file_no"
			  ,cs."type" "is_done"
			from "department_case" dc
			left join "department" d on d."id" = dc."department_id"
			left join "court_case" cc on cc."id" = dc."id"
			left join "case_record" cr on cr."case_id" = dc."id"
			left join "case_status" cs on cr."case_status_id" = cs."id"
			left join "district" ds on ds."id" = dc."district_id"
			)
			,  listOfDate as
			(
			-- data processing
			select distinct
			--  data1.*
			  data1."dept",data1."district",data1."year",data1."month",data1."date"
			--  ,sum(case when "trial_type" is not null then 1 end) over (partition by "trial_type","district","dept","date") jenis_kes
			--  ,count("trial_type") over (partition by "trial_type","district","dept","date") jenis_kes
			--  ,count("file_no") over (partition by "district","dept","date") kes_mahkamah
			--  ,count("file_dept") over (partition by "district","dept","date") semua_kes
			--  ,count("file_no") over (partition by "district","dept","date") kes_diserah

			--  ,count("trial_type") over (partition by "district","dept","trial_type","month","year") jumlah_jenis_kes
			--  ,count("file_no") over (partition by "district","dept","month","year") jumlah_kes_mahkamah
			--  ,count("file_dept") over (partition by "district","dept","month","year") jumlah_semua_kes
			--  ,count("file_no") over (partition by "district","dept","month","year") jumlah_kes_diserah
			from data1
			)
			, data2 as (
			select
			  data1.*
			  ,count("trial_type") over (partition by "trial_type","district","dept","date") jenis_kes
			  ,count("file_no") over (partition by "district","dept","date") kes_mahkamah
			  ,count("file_dept") over (partition by "district","dept","date") semua_kes
			  ,count("file_no") over (partition by "district","dept","date") kes_diserah

			  ,count("trial_type") over (partition by "district","dept","trial_type","month","year") jumlah_jenis_kes
			  ,count("file_no") over (partition by "district","dept","month","year") jumlah_kes_mahkamah
			  ,count("file_dept") over (partition by "district","dept","month","year") jumlah_semua_kes
			  ,count("file_no") over (partition by "district","dept","month","year") jumlah_kes_diserah
			from data1
			)
			, data3 as (
			select
			  data2.*
			  ,(semua_kes - kes_diserah) kes_x_diserah
			  ,(jumlah_semua_kes - jumlah_kes_diserah) jumlah_kes_x_diserah
			  ,(kes_diserah- "is_done") kes_dibawa_kedepan
			  ,(jumlah_kes_diserah- sum("is_done") over (partition by "district","dept","month","year")) jumlah_kes_dibawa_kedepan
			from data2
			)
			, dataCase as (
			select distinct
			  data3."dept",data3."district",data3."year",data3."date",data3."trial_type",data3."is_done"
			  ,data3.jenis_kes "jenis_kes"
			  ,data3.kes_mahkamah "kes_mahkamah"
			  ,data3.semua_kes "semua_kes"
			  ,data3.kes_diserah "kes_diserah"
			  ,data3.kes_x_diserah "kes_x_diserah"
			  ,data3.jumlah_jenis_kes "jumlah_jenis_kes"
			  ,data3.jumlah_kes_mahkamah "jumlah_kes_mahkamah"
			  ,data3.jumlah_semua_kes "jumlah_semua_kes"
			  ,data3.jumlah_kes_diserah "jumlah_kes_diserah"
			  ,jumlah_kes_x_diserah "jumlah_kes_x_diserah"
			  ,kes_dibawa_kedepan "kes_dibawa_kedepan"
			  ,jumlah_kes_dibawa_kedepan "jumlah_kes_dibawa_kedepan"
			from listOfDate
			left join data3
			on listOfDate."dept" = data3."dept"
			and listOfDate."district" = data3."district"
			and listOfDate."year" = data3."year"
			and listOfDate."date" = data3."date"
			where data3."trial_type" is not null
			)
			select rownum "id","dept","district","year","date","trial_type","is_done","jenis_kes","kes_mahkamah","semua_kes","kes_diserah","kes_x_diserah","jumlah_jenis_kes","jumlah_kes_mahkamah","jumlah_semua_kes","jumlah_kes_diserah","jumlah_kes_x_diserah","kes_dibawa_kedepan","jumlah_kes_dibawa_kedepan" from dataCase
			order by "date";
--------------------------------------------------------
--  DDL for View profile
--------------------------------------------------------

  CREATE OR REPLACE FORCE EDITIONABLE VIEW "USERPENDAKWAAN"."profile" ("id", "staff_no", "name", "position", "department") AS 
  (select rownum as "id",no_pekerja "staff_no", nama "name",jawatan "position",keterangan "department" from estor.mpsp_staff);
--------------------------------------------------------
--  DDL for View yearly_report
--------------------------------------------------------

  CREATE OR REPLACE FORCE EDITIONABLE VIEW "USERPENDAKWAAN"."yearly_report" ("id", "year", "dept", "offence", "district_code", "month", "CNT") AS 
  select rownum "id","year","dept","offence","district_code","month","CNT" from (
			select "year","dept","offence","district_code","month","CNT" from (
			  select distinct
			    nvl(to_char("year"),'all year') "year"
			    ,nvl(to_char("dept"),'all dept') "dept"
			    ,nvl(to_char("offence"),'all offence') "offence"
			    ,nvl(to_char("district_code"),'all district') "district_code"
			    ,nvl(to_char("month"),'all month') "month"
			    ,nvl(sum("cnt1") ,0) cnt
			  from (
			    select
			      d."name" "dept"
			      ,o."name" "offence"
			      ,extract(year from cc."created_at") "year"
			      ,ds."shortcode" "district_code"
			      ,extract(month from cc."created_at") "month"
			      ,1 "cnt1"
			    from "department_case" dc
			    left join "department" d on d."id" = dc."department_id"
			    left join "court_case" cc on cc."id" = dc."id"
			    left join "district" ds on dc."district_id" = ds."id"
			    left join "offence" o on dc."offence_id" = o."id"
			    where cc."id" is not null
			  )
			--  group by ROLLUP ("dept","offence","district_code","year","month")
			--  group by  "dept","offence", ROLLUP ("district_code","year","month")
			  group by  "year", CUBE ("dept","offence","district_code","month")
			)
			--PIVOT
			--(SUM(cnt) FOR "month" IN ('5' may, '6' jun,'all month' total))
			--where "year" <> 'all year'
			order by "year","dept","offence","district_code","month"
			--order by "district_code","year","month"
			)
			;
REM INSERTING into USERPENDAKWAAN."case_lot"
SET DEFINE OFF;
Insert into USERPENDAKWAAN."case_lot" ("id","district_id","subdistrict_id","address","remark","status","deleted","created_at","created_by","updated_at","updated_by") values (1,1,1,'Jalan 1 mukim 1 daerah 1',null,1,0,null,null,null,null);
Insert into USERPENDAKWAAN."case_lot" ("id","district_id","subdistrict_id","address","remark","status","deleted","created_at","created_by","updated_at","updated_by") values (2,2,2,'Jalan 1 mukim 2 daerah 2',null,1,0,null,null,null,null);
Insert into USERPENDAKWAAN."case_lot" ("id","district_id","subdistrict_id","address","remark","status","deleted","created_at","created_by","updated_at","updated_by") values (3,3,3,'Jalan 1 mukim 3 daerah 3',null,1,0,null,null,null,null);
Insert into USERPENDAKWAAN."case_lot" ("id","district_id","subdistrict_id","address","remark","status","deleted","created_at","created_by","updated_at","updated_by") values (4,3,2,'Lot 1 TEMPAT LETAK KERETA SPU 1',null,1,0,null,null,null,null);
Insert into USERPENDAKWAAN."case_lot" ("id","district_id","subdistrict_id","address","remark","status","deleted","created_at","created_by","updated_at","updated_by") values (5,3,5,'Lot 1 Tanah Lot Kg Pasir',null,1,0,null,null,null,null);
REM INSERTING into USERPENDAKWAAN."case_record"
SET DEFINE OFF;
Insert into USERPENDAKWAAN."case_record" ("id","case_id","case_status_id","date","description","result","remark","status","deleted","created_at","created_by","updated_at","updated_by") values (4,2,2,to_timestamp('06-JUN-17 09.00.50.000000000 AM','DD-MON-RR HH.MI.SSXFF AM'),null,null,null,1,0,to_timestamp('06-JUN-17 09.00.58.653000000 AM','DD-MON-RR HH.MI.SSXFF AM'),1,to_timestamp('06-JUN-17 09.00.58.653000000 AM','DD-MON-RR HH.MI.SSXFF AM'),1);
Insert into USERPENDAKWAAN."case_record" ("id","case_id","case_status_id","date","description","result","remark","status","deleted","created_at","created_by","updated_at","updated_by") values (5,3,2,null,null,null,null,12,0,to_timestamp('06-JUN-17 01.24.03.680000000 PM','DD-MON-RR HH.MI.SSXFF AM'),1,to_timestamp('06-JUN-17 01.24.03.680000000 PM','DD-MON-RR HH.MI.SSXFF AM'),1);
Insert into USERPENDAKWAAN."case_record" ("id","case_id","case_status_id","date","description","result","remark","status","deleted","created_at","created_by","updated_at","updated_by") values (3,1,2,to_timestamp('06-JUN-17 07.47.55.000000000 AM','DD-MON-RR HH.MI.SSXFF AM'),null,null,null,1,0,to_timestamp('06-JUN-17 08.58.41.299000000 AM','DD-MON-RR HH.MI.SSXFF AM'),1,to_timestamp('06-JUN-17 08.58.41.299000000 AM','DD-MON-RR HH.MI.SSXFF AM'),1);
REM INSERTING into USERPENDAKWAAN."case_status"
SET DEFINE OFF;
Insert into USERPENDAKWAAN."case_status" ("id","name","type","description","remark","status","deleted","created_at","created_by","updated_at","updated_by") values (1,'SEBUTAN',0,null,null,1,0,null,null,null,null);
Insert into USERPENDAKWAAN."case_status" ("id","name","type","description","remark","status","deleted","created_at","created_by","updated_at","updated_by") values (2,'BICARA',0,null,null,1,0,null,null,null,null);
Insert into USERPENDAKWAAN."case_status" ("id","name","type","description","remark","status","deleted","created_at","created_by","updated_at","updated_by") values (3,'TARIK BALIK',0,null,null,1,0,null,null,null,null);
Insert into USERPENDAKWAAN."case_status" ("id","name","type","description","remark","status","deleted","created_at","created_by","updated_at","updated_by") values (4,'MENGAKU SALAH',1,null,null,1,0,null,null,null,null);
Insert into USERPENDAKWAAN."case_status" ("id","name","type","description","remark","status","deleted","created_at","created_by","updated_at","updated_by") values (5,'DIBATALKAN',1,null,null,1,0,null,null,null,null);
Insert into USERPENDAKWAAN."case_status" ("id","name","type","description","remark","status","deleted","created_at","created_by","updated_at","updated_by") values (6,'WARAN TANGKAP',0,null,null,1,0,null,null,null,null);
Insert into USERPENDAKWAAN."case_status" ("id","name","type","description","remark","status","deleted","created_at","created_by","updated_at","updated_by") values (7,'WARAN TANGKAP SERTA MERTA',0,null,null,1,0,null,null,null,null);
Insert into USERPENDAKWAAN."case_status" ("id","name","type","description","remark","status","deleted","created_at","created_by","updated_at","updated_by") values (8,'TANGGUH',0,null,null,1,0,null,null,null,null);
REM INSERTING into USERPENDAKWAAN."department"
SET DEFINE OFF;
Insert into USERPENDAKWAAN."department" ("id","name","description","remark","status","deleted","created_at","created_by","updated_at","updated_by") values (1,'DIREKTORAT PENGUATKUASAAN',null,null,1,0,null,null,null,null);
Insert into USERPENDAKWAAN."department" ("id","name","description","remark","status","deleted","created_at","created_by","updated_at","updated_by") values (2,'KESIHATAN',null,null,1,0,null,null,null,null);
Insert into USERPENDAKWAAN."department" ("id","name","description","remark","status","deleted","created_at","created_by","updated_at","updated_by") values (3,'KEJURUTERAAN',null,null,1,0,null,null,null,null);
Insert into USERPENDAKWAAN."department" ("id","name","description","remark","status","deleted","created_at","created_by","updated_at","updated_by") values (4,'PERLESENAN',null,null,1,0,null,null,null,null);
Insert into USERPENDAKWAAN."department" ("id","name","description","remark","status","deleted","created_at","created_by","updated_at","updated_by") values (5,'BANGUNAN',null,null,1,0,null,null,null,null);
Insert into USERPENDAKWAAN."department" ("id","name","description","remark","status","deleted","created_at","created_by","updated_at","updated_by") values (6,'PERANCANG',null,null,1,0,null,null,null,null);
REM INSERTING into USERPENDAKWAAN."district"
SET DEFINE OFF;
Insert into USERPENDAKWAAN."district" ("id","name","shortcode","description","remark","status","deleted","created_at","created_by","updated_at","updated_by") values (1,'Seberang Perai Utara','SPU (BW)','Mahkamah Majistret Butterworth',null,1,0,null,null,to_timestamp('06-JUN-17 09.02.51.355000000 AM','DD-MON-RR HH.MI.SSXFF AM'),1);
Insert into USERPENDAKWAAN."district" ("id","name","shortcode","description","remark","status","deleted","created_at","created_by","updated_at","updated_by") values (2,'Seberang Perai Tengah','SPT (BM)','Mahkamah Majistret Bukit Mertajam',null,1,0,null,null,null,null);
Insert into USERPENDAKWAAN."district" ("id","name","shortcode","description","remark","status","deleted","created_at","created_by","updated_at","updated_by") values (3,'Seberang Perai Selatan','SPS (JAWI)','Mahkamah Majistret Jawi',null,1,0,null,null,null,null);
REM INSERTING into USERPENDAKWAAN."migration"
SET DEFINE OFF;
Insert into USERPENDAKWAAN."migration" ("version","apply_time") values ('m000000_000000_base',1496199682);
Insert into USERPENDAKWAAN."migration" ("version","apply_time") values ('m130524_201442_init',1496705019);
REM INSERTING into USERPENDAKWAAN."note"
SET DEFINE OFF;
Insert into USERPENDAKWAAN."note" ("id","case_id","notes","remark","status","deleted","created_at","created_by","updated_at","updated_by") values (3,2,'segera',null,1,0,to_timestamp('06-JUN-17 08.55.01.552000000 AM','DD-MON-RR HH.MI.SSXFF AM'),1,to_timestamp('06-JUN-17 08.55.01.552000000 AM','DD-MON-RR HH.MI.SSXFF AM'),1);
REM INSERTING into USERPENDAKWAAN."offence"
SET DEFINE OFF;
Insert into USERPENDAKWAAN."offence" ("id","act","section","name","description","remark","status","deleted","created_at","created_by","updated_at","updated_by") values (1,'A01','(01)(11)','KESALAHAN LETAK KERETA',null,null,1,0,null,null,null,null);
Insert into USERPENDAKWAAN."offence" ("id","act","section","name","description","remark","status","deleted","created_at","created_by","updated_at","updated_by") values (2,'A01','(01)(11)','TIADA LESEN',null,null,1,0,null,null,null,null);
Insert into USERPENDAKWAAN."offence" ("id","act","section","name","description","remark","status","deleted","created_at","created_by","updated_at","updated_by") values (3,'A01','(01)(12)','TIADA PAPAN IKLAN',null,null,1,0,null,null,null,null);
Insert into USERPENDAKWAAN."offence" ("id","act","section","name","description","remark","status","deleted","created_at","created_by","updated_at","updated_by") values (4,'A01','(01)(13)','MENGOTORKAN JALAN RAYA',null,null,1,0,null,null,null,null);
Insert into USERPENDAKWAAN."offence" ("id","act","section","name","description","remark","status","deleted","created_at","created_by","updated_at","updated_by") values (5,'A02','(01)(11)','MEMUNGUT WANG TANPA KEBENARAN',null,null,1,0,null,null,null,null);
Insert into USERPENDAKWAAN."offence" ("id","act","section","name","description","remark","status","deleted","created_at","created_by","updated_at","updated_by") values (6,'A02','(01)(11)','KACAU GANGGU',null,null,1,0,null,null,null,null);
Insert into USERPENDAKWAAN."offence" ("id","act","section","name","description","remark","status","deleted","created_at","created_by","updated_at","updated_by") values (7,'A02','(01)(12)','KERJA TANAH / MEMPAMERKAN IKLAN TANPA LESEN',null,null,1,0,null,null,null,null);
Insert into USERPENDAKWAAN."offence" ("id","act","section","name","description","remark","status","deleted","created_at","created_by","updated_at","updated_by") values (8,'A02','(01)(13)','TUKAR GUNA RUMAH KEDIAMAN',null,null,1,0,null,null,null,null);
Insert into USERPENDAKWAAN."offence" ("id","act","section","name","description","remark","status","deleted","created_at","created_by","updated_at","updated_by") values (9,'A03','(03)(22)','PEMAJUAN TANPA KEBENARAN',null,null,1,0,null,null,null,null);
REM INSERTING into USERPENDAKWAAN."oks"
SET DEFINE OFF;
Insert into USERPENDAKWAAN."oks" ("id","name","ic","address","phone_no","email","remark","status","deleted","created_at","created_by","updated_at","updated_by") values (1,'ALI BIN ABU','T 3012672','Seberang Perai',null,null,null,1,0,null,null,null,null);
Insert into USERPENDAKWAAN."oks" ("id","name","ic","address","phone_no","email","remark","status","deleted","created_at","created_by","updated_at","updated_by") values (2,'AHMAD BIN ABDULLAH','811118-11-5125','Seberang Perai',null,null,null,1,0,null,null,null,null);
REM INSERTING into USERPENDAKWAAN."oks_case"
SET DEFINE OFF;
Insert into USERPENDAKWAAN."oks_case" ("id","case_id","oks_id","remark","status","deleted","created_at","created_by","updated_at","updated_by") values (1,1,2,null,1,0,to_timestamp('06-JUN-17 07.25.08.225000000 AM','DD-MON-RR HH.MI.SSXFF AM'),1,to_timestamp('06-JUN-17 07.25.08.225000000 AM','DD-MON-RR HH.MI.SSXFF AM'),1);
Insert into USERPENDAKWAAN."oks_case" ("id","case_id","oks_id","remark","status","deleted","created_at","created_by","updated_at","updated_by") values (2,1,1,null,1,0,to_timestamp('06-JUN-17 07.25.08.228000000 AM','DD-MON-RR HH.MI.SSXFF AM'),1,to_timestamp('06-JUN-17 07.25.08.228000000 AM','DD-MON-RR HH.MI.SSXFF AM'),1);
Insert into USERPENDAKWAAN."oks_case" ("id","case_id","oks_id","remark","status","deleted","created_at","created_by","updated_at","updated_by") values (5,2,2,null,1,0,to_timestamp('06-JUN-17 08.55.01.557000000 AM','DD-MON-RR HH.MI.SSXFF AM'),1,to_timestamp('06-JUN-17 08.55.01.557000000 AM','DD-MON-RR HH.MI.SSXFF AM'),1);
Insert into USERPENDAKWAAN."oks_case" ("id","case_id","oks_id","remark","status","deleted","created_at","created_by","updated_at","updated_by") values (6,2,1,null,1,0,to_timestamp('06-JUN-17 08.55.01.559000000 AM','DD-MON-RR HH.MI.SSXFF AM'),1,to_timestamp('06-JUN-17 08.55.01.559000000 AM','DD-MON-RR HH.MI.SSXFF AM'),1);
REM INSERTING into USERPENDAKWAAN."role"
SET DEFINE OFF;
Insert into USERPENDAKWAAN."role" ("id","name","description","remark","status","deleted","created_at","created_by","updated_at","updated_by") values (1,'Super Admin',null,null,1,0,null,null,null,null);
Insert into USERPENDAKWAAN."role" ("id","name","description","remark","status","deleted","created_at","created_by","updated_at","updated_by") values (2,'Admin Undang-Undang',null,null,1,0,null,null,null,null);
Insert into USERPENDAKWAAN."role" ("id","name","description","remark","status","deleted","created_at","created_by","updated_at","updated_by") values (3,'Admin Jabatan',null,null,1,0,null,null,null,null);
Insert into USERPENDAKWAAN."role" ("id","name","description","remark","status","deleted","created_at","created_by","updated_at","updated_by") values (4,'User Undang-Undang',null,null,1,0,null,null,null,null);
Insert into USERPENDAKWAAN."role" ("id","name","description","remark","status","deleted","created_at","created_by","updated_at","updated_by") values (5,'User Jabatan',null,null,1,0,null,null,null,null);
Insert into USERPENDAKWAAN."role" ("id","name","description","remark","status","deleted","created_at","created_by","updated_at","updated_by") values (6,'Common User',null,null,1,0,null,null,null,null);
REM INSERTING into USERPENDAKWAAN."subdistrict"
SET DEFINE OFF;
Insert into USERPENDAKWAAN."subdistrict" ("id","district_id","name","remark","status","deleted","created_at","created_by","updated_at","updated_by") values (1,2,'MUKIM 1',null,1,0,null,null,null,null);
Insert into USERPENDAKWAAN."subdistrict" ("id","district_id","name","remark","status","deleted","created_at","created_by","updated_at","updated_by") values (2,2,'BANDAR PRAI (MUKIM 1A)',null,1,0,null,null,null,null);
Insert into USERPENDAKWAAN."subdistrict" ("id","district_id","name","remark","status","deleted","created_at","created_by","updated_at","updated_by") values (3,2,'MUKIM 2',null,1,0,null,null,null,null);
Insert into USERPENDAKWAAN."subdistrict" ("id","district_id","name","remark","status","deleted","created_at","created_by","updated_at","updated_by") values (4,2,'MUKIM 3',null,1,0,null,null,null,null);
Insert into USERPENDAKWAAN."subdistrict" ("id","district_id","name","remark","status","deleted","created_at","created_by","updated_at","updated_by") values (5,2,'MUKIM 4',null,1,0,null,null,null,null);
Insert into USERPENDAKWAAN."subdistrict" ("id","district_id","name","remark","status","deleted","created_at","created_by","updated_at","updated_by") values (6,2,'MUKIM 5',null,1,0,null,null,null,null);
Insert into USERPENDAKWAAN."subdistrict" ("id","district_id","name","remark","status","deleted","created_at","created_by","updated_at","updated_by") values (7,2,'MUKIM 6',null,1,0,null,null,null,null);
Insert into USERPENDAKWAAN."subdistrict" ("id","district_id","name","remark","status","deleted","created_at","created_by","updated_at","updated_by") values (8,2,'MUKIM 7',null,1,0,null,null,null,null);
Insert into USERPENDAKWAAN."subdistrict" ("id","district_id","name","remark","status","deleted","created_at","created_by","updated_at","updated_by") values (9,2,'MUKIM 8',null,1,0,null,null,null,null);
Insert into USERPENDAKWAAN."subdistrict" ("id","district_id","name","remark","status","deleted","created_at","created_by","updated_at","updated_by") values (10,2,'MUKIM 9',null,1,0,null,null,null,null);
Insert into USERPENDAKWAAN."subdistrict" ("id","district_id","name","remark","status","deleted","created_at","created_by","updated_at","updated_by") values (11,2,'MUKIM 10',null,1,0,null,null,null,null);
Insert into USERPENDAKWAAN."subdistrict" ("id","district_id","name","remark","status","deleted","created_at","created_by","updated_at","updated_by") values (12,2,'MUKIM 11',null,1,0,null,null,null,null);
Insert into USERPENDAKWAAN."subdistrict" ("id","district_id","name","remark","status","deleted","created_at","created_by","updated_at","updated_by") values (13,2,'MUKIM 12',null,1,0,null,null,null,null);
Insert into USERPENDAKWAAN."subdistrict" ("id","district_id","name","remark","status","deleted","created_at","created_by","updated_at","updated_by") values (14,2,'MUKIM 13',null,1,0,null,null,null,null);
Insert into USERPENDAKWAAN."subdistrict" ("id","district_id","name","remark","status","deleted","created_at","created_by","updated_at","updated_by") values (15,2,'MUKIM 14',null,1,0,null,null,null,null);
Insert into USERPENDAKWAAN."subdistrict" ("id","district_id","name","remark","status","deleted","created_at","created_by","updated_at","updated_by") values (16,2,'MUKIM 15',null,1,0,null,null,null,null);
Insert into USERPENDAKWAAN."subdistrict" ("id","district_id","name","remark","status","deleted","created_at","created_by","updated_at","updated_by") values (17,2,'MUKIM 16',null,1,0,null,null,null,null);
Insert into USERPENDAKWAAN."subdistrict" ("id","district_id","name","remark","status","deleted","created_at","created_by","updated_at","updated_by") values (18,2,'MUKIM 17',null,1,0,null,null,null,null);
Insert into USERPENDAKWAAN."subdistrict" ("id","district_id","name","remark","status","deleted","created_at","created_by","updated_at","updated_by") values (19,2,'MUKIM 18',null,1,0,null,null,null,null);
Insert into USERPENDAKWAAN."subdistrict" ("id","district_id","name","remark","status","deleted","created_at","created_by","updated_at","updated_by") values (20,2,'MUKIM 19',null,1,0,null,null,null,null);
Insert into USERPENDAKWAAN."subdistrict" ("id","district_id","name","remark","status","deleted","created_at","created_by","updated_at","updated_by") values (21,2,'MUKIM 20',null,1,0,null,null,null,null);
Insert into USERPENDAKWAAN."subdistrict" ("id","district_id","name","remark","status","deleted","created_at","created_by","updated_at","updated_by") values (22,2,'MUKIM 21',null,1,0,null,null,null,null);
Insert into USERPENDAKWAAN."subdistrict" ("id","district_id","name","remark","status","deleted","created_at","created_by","updated_at","updated_by") values (23,2,'BANDAR BUKIT MERTAJAM',null,1,0,null,null,null,null);
Insert into USERPENDAKWAAN."subdistrict" ("id","district_id","name","remark","status","deleted","created_at","created_by","updated_at","updated_by") values (24,2,'BANDAR PRAI',null,1,0,null,null,null,null);
Insert into USERPENDAKWAAN."subdistrict" ("id","district_id","name","remark","status","deleted","created_at","created_by","updated_at","updated_by") values (25,1,'MUKIM 1',null,1,0,null,null,to_timestamp('06-JUN-17 08.36.02.295000000 AM','DD-MON-RR HH.MI.SSXFF AM'),1);
Insert into USERPENDAKWAAN."subdistrict" ("id","district_id","name","remark","status","deleted","created_at","created_by","updated_at","updated_by") values (26,1,'MUKIM 2',null,1,0,null,null,null,null);
Insert into USERPENDAKWAAN."subdistrict" ("id","district_id","name","remark","status","deleted","created_at","created_by","updated_at","updated_by") values (27,1,'MUKIM 3',null,1,0,null,null,null,null);
Insert into USERPENDAKWAAN."subdistrict" ("id","district_id","name","remark","status","deleted","created_at","created_by","updated_at","updated_by") values (28,1,'MUKIM 4',null,1,0,null,null,null,null);
Insert into USERPENDAKWAAN."subdistrict" ("id","district_id","name","remark","status","deleted","created_at","created_by","updated_at","updated_by") values (29,1,'MUKIM 5',null,1,0,null,null,null,null);
Insert into USERPENDAKWAAN."subdistrict" ("id","district_id","name","remark","status","deleted","created_at","created_by","updated_at","updated_by") values (31,1,'MUKIM 6',null,1,0,null,null,null,null);
Insert into USERPENDAKWAAN."subdistrict" ("id","district_id","name","remark","status","deleted","created_at","created_by","updated_at","updated_by") values (32,1,'MUKIM 7',null,1,0,null,null,null,null);
Insert into USERPENDAKWAAN."subdistrict" ("id","district_id","name","remark","status","deleted","created_at","created_by","updated_at","updated_by") values (33,1,'MUKIM 8',null,1,0,null,null,null,null);
Insert into USERPENDAKWAAN."subdistrict" ("id","district_id","name","remark","status","deleted","created_at","created_by","updated_at","updated_by") values (34,1,'MUKIM 9',null,1,0,null,null,null,null);
Insert into USERPENDAKWAAN."subdistrict" ("id","district_id","name","remark","status","deleted","created_at","created_by","updated_at","updated_by") values (35,1,'MUKIM 10',null,1,0,null,null,null,null);
Insert into USERPENDAKWAAN."subdistrict" ("id","district_id","name","remark","status","deleted","created_at","created_by","updated_at","updated_by") values (36,1,'MUKIM 11',null,1,0,null,null,null,null);
Insert into USERPENDAKWAAN."subdistrict" ("id","district_id","name","remark","status","deleted","created_at","created_by","updated_at","updated_by") values (37,1,'MUKIM 12',null,1,0,null,null,null,null);
Insert into USERPENDAKWAAN."subdistrict" ("id","district_id","name","remark","status","deleted","created_at","created_by","updated_at","updated_by") values (38,1,'MUKIM 13',null,1,0,null,null,null,null);
Insert into USERPENDAKWAAN."subdistrict" ("id","district_id","name","remark","status","deleted","created_at","created_by","updated_at","updated_by") values (39,1,'MUKIM 14',null,1,0,null,null,null,null);
Insert into USERPENDAKWAAN."subdistrict" ("id","district_id","name","remark","status","deleted","created_at","created_by","updated_at","updated_by") values (40,1,'MUKIM 15',null,1,0,null,null,null,null);
Insert into USERPENDAKWAAN."subdistrict" ("id","district_id","name","remark","status","deleted","created_at","created_by","updated_at","updated_by") values (41,1,'MUKIM 16',null,1,0,null,null,null,null);
Insert into USERPENDAKWAAN."subdistrict" ("id","district_id","name","remark","status","deleted","created_at","created_by","updated_at","updated_by") values (42,1,'BANDAR BUTTERWORTH',null,1,0,null,null,null,null);
Insert into USERPENDAKWAAN."subdistrict" ("id","district_id","name","remark","status","deleted","created_at","created_by","updated_at","updated_by") values (43,1,'BANDAR KEPALA BATAS',null,1,0,null,null,null,null);
Insert into USERPENDAKWAAN."subdistrict" ("id","district_id","name","remark","status","deleted","created_at","created_by","updated_at","updated_by") values (44,3,'MUKIM 1',null,1,0,null,null,null,null);
Insert into USERPENDAKWAAN."subdistrict" ("id","district_id","name","remark","status","deleted","created_at","created_by","updated_at","updated_by") values (45,3,'MUKIM 2',null,1,0,null,null,null,null);
Insert into USERPENDAKWAAN."subdistrict" ("id","district_id","name","remark","status","deleted","created_at","created_by","updated_at","updated_by") values (46,3,'MUKIM 3',null,1,0,null,null,null,null);
Insert into USERPENDAKWAAN."subdistrict" ("id","district_id","name","remark","status","deleted","created_at","created_by","updated_at","updated_by") values (47,3,'MUKIM 4',null,1,0,null,null,null,null);
Insert into USERPENDAKWAAN."subdistrict" ("id","district_id","name","remark","status","deleted","created_at","created_by","updated_at","updated_by") values (48,3,'MUKIM 5',null,1,0,null,null,null,null);
Insert into USERPENDAKWAAN."subdistrict" ("id","district_id","name","remark","status","deleted","created_at","created_by","updated_at","updated_by") values (49,3,'MUKIM 6',null,1,0,null,null,null,null);
Insert into USERPENDAKWAAN."subdistrict" ("id","district_id","name","remark","status","deleted","created_at","created_by","updated_at","updated_by") values (50,3,'MUKIM 7',null,1,0,null,null,null,null);
Insert into USERPENDAKWAAN."subdistrict" ("id","district_id","name","remark","status","deleted","created_at","created_by","updated_at","updated_by") values (51,3,'MUKIM 8',null,1,0,null,null,null,null);
Insert into USERPENDAKWAAN."subdistrict" ("id","district_id","name","remark","status","deleted","created_at","created_by","updated_at","updated_by") values (52,3,'MUKIM 9',null,1,0,null,null,null,null);
Insert into USERPENDAKWAAN."subdistrict" ("id","district_id","name","remark","status","deleted","created_at","created_by","updated_at","updated_by") values (53,3,'MUKIM 10',null,1,0,null,null,null,null);
Insert into USERPENDAKWAAN."subdistrict" ("id","district_id","name","remark","status","deleted","created_at","created_by","updated_at","updated_by") values (54,3,'MUKIM 11',null,1,0,null,null,null,null);
Insert into USERPENDAKWAAN."subdistrict" ("id","district_id","name","remark","status","deleted","created_at","created_by","updated_at","updated_by") values (55,3,'MUKIM 12',null,1,0,null,null,null,null);
Insert into USERPENDAKWAAN."subdistrict" ("id","district_id","name","remark","status","deleted","created_at","created_by","updated_at","updated_by") values (56,3,'MUKIM 13',null,1,0,null,null,null,null);
Insert into USERPENDAKWAAN."subdistrict" ("id","district_id","name","remark","status","deleted","created_at","created_by","updated_at","updated_by") values (57,3,'MUKIM 14',null,1,0,null,null,null,null);
Insert into USERPENDAKWAAN."subdistrict" ("id","district_id","name","remark","status","deleted","created_at","created_by","updated_at","updated_by") values (58,3,'MUKIM 15',null,1,0,null,null,null,null);
Insert into USERPENDAKWAAN."subdistrict" ("id","district_id","name","remark","status","deleted","created_at","created_by","updated_at","updated_by") values (59,3,'MUKIM 16',null,1,0,null,null,null,null);
Insert into USERPENDAKWAAN."subdistrict" ("id","district_id","name","remark","status","deleted","created_at","created_by","updated_at","updated_by") values (60,3,'BANDAR NIBONG TEBAL',null,1,0,null,null,null,null);
Insert into USERPENDAKWAAN."subdistrict" ("id","district_id","name","remark","status","deleted","created_at","created_by","updated_at","updated_by") values (61,3,'BANDAR SUNGAI BAKAP',null,1,0,null,null,null,null);
REM INSERTING into USERPENDAKWAAN."user"
SET DEFINE OFF;
Insert into USERPENDAKWAAN."user" ("id","username","staff_no","auth_key","profile_pic","role_id","password_hash","password_reset_token","email","remark","status","deleted","created_at","created_by","updated_at","updated_by") values (1,'admin1','1111','RwafmXKI5djirx2q5lpVOFh1a4CqXMcV',null,1,'$2y$13$sDDZ1pwIWythgL4sNn/kfOyg.uzLjR4eZnK/dAYYAvNc4aPrfJerW',null,'admin1@mail.com',null,1,0,null,null,null,null);
--------------------------------------------------------
--  DDL for Index pk14
--------------------------------------------------------

  CREATE UNIQUE INDEX "USERPENDAKWAAN"."pk14" ON "USERPENDAKWAAN"."offence" ("id") 
  ;
--------------------------------------------------------
--  DDL for Index pk4
--------------------------------------------------------

  CREATE UNIQUE INDEX "USERPENDAKWAAN"."pk4" ON "USERPENDAKWAAN"."case_record" ("id") 
  ;
--------------------------------------------------------
--  DDL for Index pk5
--------------------------------------------------------

  CREATE UNIQUE INDEX "USERPENDAKWAAN"."pk5" ON "USERPENDAKWAAN"."note" ("id") 
  ;
--------------------------------------------------------
--  DDL for Index pk8
--------------------------------------------------------

  CREATE UNIQUE INDEX "USERPENDAKWAAN"."pk8" ON "USERPENDAKWAAN"."document_checklist" ("id") 
  ;
--------------------------------------------------------
--  DDL for Index pk6
--------------------------------------------------------

  CREATE UNIQUE INDEX "USERPENDAKWAAN"."pk6" ON "USERPENDAKWAAN"."oks" ("id") 
  ;
--------------------------------------------------------
--  DDL for Index pk10
--------------------------------------------------------

  CREATE UNIQUE INDEX "USERPENDAKWAAN"."pk10" ON "USERPENDAKWAAN"."case_lot" ("id") 
  ;
--------------------------------------------------------
--  DDL for Index pk0
--------------------------------------------------------

  CREATE UNIQUE INDEX "USERPENDAKWAAN"."pk0" ON "USERPENDAKWAAN"."user" ("id") 
  ;
--------------------------------------------------------
--  DDL for Index pk3
--------------------------------------------------------

  CREATE UNIQUE INDEX "USERPENDAKWAAN"."pk3" ON "USERPENDAKWAAN"."court_case" ("id") 
  ;
--------------------------------------------------------
--  DDL for Index pk2
--------------------------------------------------------

  CREATE UNIQUE INDEX "USERPENDAKWAAN"."pk2" ON "USERPENDAKWAAN"."department_case" ("id") 
  ;
--------------------------------------------------------
--  DDL for Index pk1
--------------------------------------------------------

  CREATE UNIQUE INDEX "USERPENDAKWAAN"."pk1" ON "USERPENDAKWAAN"."role" ("id") 
  ;
--------------------------------------------------------
--  DDL for Index pk13
--------------------------------------------------------

  CREATE UNIQUE INDEX "USERPENDAKWAAN"."pk13" ON "USERPENDAKWAAN"."district" ("id") 
  ;
--------------------------------------------------------
--  DDL for Index pk9
--------------------------------------------------------

  CREATE UNIQUE INDEX "USERPENDAKWAAN"."pk9" ON "USERPENDAKWAAN"."case_status" ("id") 
  ;
--------------------------------------------------------
--  DDL for Index pk7
--------------------------------------------------------

  CREATE UNIQUE INDEX "USERPENDAKWAAN"."pk7" ON "USERPENDAKWAAN"."oks_case" ("id") 
  ;
--------------------------------------------------------
--  DDL for Index pk11
--------------------------------------------------------

  CREATE UNIQUE INDEX "USERPENDAKWAAN"."pk11" ON "USERPENDAKWAAN"."subdistrict" ("id") 
  ;
--------------------------------------------------------
--  DDL for Index pk12
--------------------------------------------------------

  CREATE UNIQUE INDEX "USERPENDAKWAAN"."pk12" ON "USERPENDAKWAAN"."department" ("id") 
  ;
--------------------------------------------------------
--  Constraints for Table department_case
--------------------------------------------------------

  ALTER TABLE "USERPENDAKWAAN"."department_case" ADD CONSTRAINT "pk2" PRIMARY KEY ("id")
  USING INDEX  ENABLE;
  ALTER TABLE "USERPENDAKWAAN"."department_case" MODIFY ("district_id" NOT NULL ENABLE);
  ALTER TABLE "USERPENDAKWAAN"."department_case" MODIFY ("file_no" NOT NULL ENABLE);
  ALTER TABLE "USERPENDAKWAAN"."department_case" MODIFY ("id" NOT NULL ENABLE);
--------------------------------------------------------
--  Constraints for Table case_status
--------------------------------------------------------

  ALTER TABLE "USERPENDAKWAAN"."case_status" ADD CONSTRAINT "pk9" PRIMARY KEY ("id")
  USING INDEX  ENABLE;
  ALTER TABLE "USERPENDAKWAAN"."case_status" MODIFY ("name" NOT NULL ENABLE);
  ALTER TABLE "USERPENDAKWAAN"."case_status" MODIFY ("id" NOT NULL ENABLE);
--------------------------------------------------------
--  Constraints for Table note
--------------------------------------------------------

  ALTER TABLE "USERPENDAKWAAN"."note" ADD CONSTRAINT "pk5" PRIMARY KEY ("id")
  USING INDEX  ENABLE;
  ALTER TABLE "USERPENDAKWAAN"."note" MODIFY ("id" NOT NULL ENABLE);
--------------------------------------------------------
--  Constraints for Table role
--------------------------------------------------------

  ALTER TABLE "USERPENDAKWAAN"."role" ADD CONSTRAINT "pk1" PRIMARY KEY ("id")
  USING INDEX  ENABLE;
  ALTER TABLE "USERPENDAKWAAN"."role" MODIFY ("name" NOT NULL ENABLE);
  ALTER TABLE "USERPENDAKWAAN"."role" MODIFY ("id" NOT NULL ENABLE);
--------------------------------------------------------
--  Constraints for Table department
--------------------------------------------------------

  ALTER TABLE "USERPENDAKWAAN"."department" ADD CONSTRAINT "pk12" PRIMARY KEY ("id")
  USING INDEX  ENABLE;
  ALTER TABLE "USERPENDAKWAAN"."department" MODIFY ("name" NOT NULL ENABLE);
  ALTER TABLE "USERPENDAKWAAN"."department" MODIFY ("id" NOT NULL ENABLE);
--------------------------------------------------------
--  Constraints for Table offence
--------------------------------------------------------

  ALTER TABLE "USERPENDAKWAAN"."offence" ADD CONSTRAINT "pk14" PRIMARY KEY ("id")
  USING INDEX  ENABLE;
  ALTER TABLE "USERPENDAKWAAN"."offence" MODIFY ("name" NOT NULL ENABLE);
  ALTER TABLE "USERPENDAKWAAN"."offence" MODIFY ("section" NOT NULL ENABLE);
  ALTER TABLE "USERPENDAKWAAN"."offence" MODIFY ("act" NOT NULL ENABLE);
  ALTER TABLE "USERPENDAKWAAN"."offence" MODIFY ("id" NOT NULL ENABLE);
--------------------------------------------------------
--  Constraints for Table migration
--------------------------------------------------------

  ALTER TABLE "USERPENDAKWAAN"."migration" MODIFY ("version" NOT NULL ENABLE);
  ALTER TABLE "USERPENDAKWAAN"."migration" ADD PRIMARY KEY ("version")
  USING INDEX  ENABLE;
--------------------------------------------------------
--  Constraints for Table court_case
--------------------------------------------------------

  ALTER TABLE "USERPENDAKWAAN"."court_case" ADD CONSTRAINT "pk3" PRIMARY KEY ("id")
  USING INDEX  ENABLE;
  ALTER TABLE "USERPENDAKWAAN"."court_case" MODIFY ("file_no" NOT NULL ENABLE);
  ALTER TABLE "USERPENDAKWAAN"."court_case" MODIFY ("id" NOT NULL ENABLE);
--------------------------------------------------------
--  Constraints for Table district
--------------------------------------------------------

  ALTER TABLE "USERPENDAKWAAN"."district" ADD CONSTRAINT "pk13" PRIMARY KEY ("id")
  USING INDEX  ENABLE;
  ALTER TABLE "USERPENDAKWAAN"."district" MODIFY ("name" NOT NULL ENABLE);
  ALTER TABLE "USERPENDAKWAAN"."district" MODIFY ("id" NOT NULL ENABLE);
--------------------------------------------------------
--  Constraints for Table case_lot
--------------------------------------------------------

  ALTER TABLE "USERPENDAKWAAN"."case_lot" ADD CONSTRAINT "pk10" PRIMARY KEY ("id")
  USING INDEX  ENABLE;
  ALTER TABLE "USERPENDAKWAAN"."case_lot" MODIFY ("id" NOT NULL ENABLE);
--------------------------------------------------------
--  Constraints for Table oks_case
--------------------------------------------------------

  ALTER TABLE "USERPENDAKWAAN"."oks_case" ADD CONSTRAINT "pk7" PRIMARY KEY ("id")
  USING INDEX  ENABLE;
  ALTER TABLE "USERPENDAKWAAN"."oks_case" MODIFY ("oks_id" NOT NULL ENABLE);
  ALTER TABLE "USERPENDAKWAAN"."oks_case" MODIFY ("case_id" NOT NULL ENABLE);
  ALTER TABLE "USERPENDAKWAAN"."oks_case" MODIFY ("id" NOT NULL ENABLE);
--------------------------------------------------------
--  Constraints for Table document_checklist
--------------------------------------------------------

  ALTER TABLE "USERPENDAKWAAN"."document_checklist" ADD CONSTRAINT "pk8" PRIMARY KEY ("id")
  USING INDEX  ENABLE;
  ALTER TABLE "USERPENDAKWAAN"."document_checklist" MODIFY ("id" NOT NULL ENABLE);
--------------------------------------------------------
--  Constraints for Table case_record
--------------------------------------------------------

  ALTER TABLE "USERPENDAKWAAN"."case_record" ADD CONSTRAINT "pk4" PRIMARY KEY ("id")
  USING INDEX  ENABLE;
  ALTER TABLE "USERPENDAKWAAN"."case_record" MODIFY ("id" NOT NULL ENABLE);
--------------------------------------------------------
--  Constraints for Table user
--------------------------------------------------------

  ALTER TABLE "USERPENDAKWAAN"."user" ADD CONSTRAINT "pk0" PRIMARY KEY ("id")
  USING INDEX  ENABLE;
  ALTER TABLE "USERPENDAKWAAN"."user" MODIFY ("email" NOT NULL ENABLE);
  ALTER TABLE "USERPENDAKWAAN"."user" MODIFY ("password_hash" NOT NULL ENABLE);
  ALTER TABLE "USERPENDAKWAAN"."user" MODIFY ("auth_key" NOT NULL ENABLE);
  ALTER TABLE "USERPENDAKWAAN"."user" MODIFY ("staff_no" NOT NULL ENABLE);
  ALTER TABLE "USERPENDAKWAAN"."user" MODIFY ("username" NOT NULL ENABLE);
  ALTER TABLE "USERPENDAKWAAN"."user" MODIFY ("id" NOT NULL ENABLE);
--------------------------------------------------------
--  Constraints for Table oks
--------------------------------------------------------

  ALTER TABLE "USERPENDAKWAAN"."oks" ADD CONSTRAINT "pk6" PRIMARY KEY ("id")
  USING INDEX  ENABLE;
  ALTER TABLE "USERPENDAKWAAN"."oks" MODIFY ("address" NOT NULL ENABLE);
  ALTER TABLE "USERPENDAKWAAN"."oks" MODIFY ("ic" NOT NULL ENABLE);
  ALTER TABLE "USERPENDAKWAAN"."oks" MODIFY ("name" NOT NULL ENABLE);
  ALTER TABLE "USERPENDAKWAAN"."oks" MODIFY ("id" NOT NULL ENABLE);
--------------------------------------------------------
--  Constraints for Table subdistrict
--------------------------------------------------------

  ALTER TABLE "USERPENDAKWAAN"."subdistrict" ADD CONSTRAINT "pk11" PRIMARY KEY ("id")
  USING INDEX  ENABLE;
  ALTER TABLE "USERPENDAKWAAN"."subdistrict" MODIFY ("name" NOT NULL ENABLE);
  ALTER TABLE "USERPENDAKWAAN"."subdistrict" MODIFY ("district_id" NOT NULL ENABLE);
  ALTER TABLE "USERPENDAKWAAN"."subdistrict" MODIFY ("id" NOT NULL ENABLE);
--------------------------------------------------------
--  Ref Constraints for Table case_lot
--------------------------------------------------------

  ALTER TABLE "USERPENDAKWAAN"."case_lot" ADD CONSTRAINT "fk6" FOREIGN KEY ("district_id")
	  REFERENCES "USERPENDAKWAAN"."district" ("id") ENABLE;
  ALTER TABLE "USERPENDAKWAAN"."case_lot" ADD CONSTRAINT "fk7" FOREIGN KEY ("subdistrict_id")
	  REFERENCES "USERPENDAKWAAN"."subdistrict" ("id") ENABLE;
--------------------------------------------------------
--  Ref Constraints for Table case_record
--------------------------------------------------------

  ALTER TABLE "USERPENDAKWAAN"."case_record" ADD CONSTRAINT "fk8" FOREIGN KEY ("case_id")
	  REFERENCES "USERPENDAKWAAN"."court_case" ("id") ENABLE;
  ALTER TABLE "USERPENDAKWAAN"."case_record" ADD CONSTRAINT "fk9" FOREIGN KEY ("case_status_id")
	  REFERENCES "USERPENDAKWAAN"."case_status" ("id") ENABLE;
--------------------------------------------------------
--  Ref Constraints for Table court_case
--------------------------------------------------------

  ALTER TABLE "USERPENDAKWAAN"."court_case" ADD CONSTRAINT "fk1" FOREIGN KEY ("id")
	  REFERENCES "USERPENDAKWAAN"."department_case" ("id") ENABLE;
--------------------------------------------------------
--  Ref Constraints for Table department_case
--------------------------------------------------------

  ALTER TABLE "USERPENDAKWAAN"."department_case" ADD CONSTRAINT "fk2" FOREIGN KEY ("department_id")
	  REFERENCES "USERPENDAKWAAN"."department" ("id") ENABLE;
  ALTER TABLE "USERPENDAKWAAN"."department_case" ADD CONSTRAINT "fk3" FOREIGN KEY ("district_id")
	  REFERENCES "USERPENDAKWAAN"."district" ("id") ENABLE;
  ALTER TABLE "USERPENDAKWAAN"."department_case" ADD CONSTRAINT "fk4" FOREIGN KEY ("subdistrict_id")
	  REFERENCES "USERPENDAKWAAN"."subdistrict" ("id") ENABLE;
  ALTER TABLE "USERPENDAKWAAN"."department_case" ADD CONSTRAINT "fk5" FOREIGN KEY ("offence_id")
	  REFERENCES "USERPENDAKWAAN"."offence" ("id") ENABLE;
--------------------------------------------------------
--  Ref Constraints for Table document_checklist
--------------------------------------------------------

  ALTER TABLE "USERPENDAKWAAN"."document_checklist" ADD CONSTRAINT "fk13" FOREIGN KEY ("case_id")
	  REFERENCES "USERPENDAKWAAN"."department_case" ("id") ENABLE;
--------------------------------------------------------
--  Ref Constraints for Table note
--------------------------------------------------------

  ALTER TABLE "USERPENDAKWAAN"."note" ADD CONSTRAINT "fk12" FOREIGN KEY ("case_id")
	  REFERENCES "USERPENDAKWAAN"."department_case" ("id") ENABLE;
--------------------------------------------------------
--  Ref Constraints for Table oks_case
--------------------------------------------------------

  ALTER TABLE "USERPENDAKWAAN"."oks_case" ADD CONSTRAINT "fk10" FOREIGN KEY ("oks_id")
	  REFERENCES "USERPENDAKWAAN"."oks" ("id") ENABLE;
  ALTER TABLE "USERPENDAKWAAN"."oks_case" ADD CONSTRAINT "fk11" FOREIGN KEY ("case_id")
	  REFERENCES "USERPENDAKWAAN"."department_case" ("id") ENABLE;
--------------------------------------------------------
--  Ref Constraints for Table user
--------------------------------------------------------

  ALTER TABLE "USERPENDAKWAAN"."user" ADD CONSTRAINT "fk0" FOREIGN KEY ("role_id")
	  REFERENCES "USERPENDAKWAAN"."role" ("id") ENABLE;
